Using pre-set license
Built from '2022.3/staging' branch; Version is '2022.3.55f1 (9f374180d209) revision 10434369'; Using compiler version '192829333'; Build Type 'Release'
OS: 'Windows 11  (10.0.26100) 64bit Core' Language: 'ko' Physical Memory: 7519 MB
BatchMode: 1, IsHumanControllingUs: 0, StartBugReporterOnCrash: 0, Is64bit: 1, IsPro: 1

COMMAND LINE ARGUMENTS:
C:\Program Files\Unity\Hub\Editor\2022.3.55f1\Editor\Unity.exe
-adb2
-batchMode
-noUpm
-name
AssetImportWorker2
-projectPath
C:/Users/vel55/Desktop/Fortress/Fortress
-logFile
Logs/AssetImportWorker2.log
-srvPort
12606
Successfully changed project path to: C:/Users/vel55/Desktop/Fortress/Fortress
C:/Users/vel55/Desktop/Fortress/Fortress
[UnityMemory] Configuration Parameters - Can be set up in boot.config
    "memorysetup-bucket-allocator-granularity=16"
    "memorysetup-bucket-allocator-bucket-count=8"
    "memorysetup-bucket-allocator-block-size=33554432"
    "memorysetup-bucket-allocator-block-count=8"
    "memorysetup-main-allocator-block-size=16777216"
    "memorysetup-thread-allocator-block-size=16777216"
    "memorysetup-gfx-main-allocator-block-size=16777216"
    "memorysetup-gfx-thread-allocator-block-size=16777216"
    "memorysetup-cache-allocator-block-size=4194304"
    "memorysetup-typetree-allocator-block-size=2097152"
    "memorysetup-profiler-bucket-allocator-granularity=16"
    "memorysetup-profiler-bucket-allocator-bucket-count=8"
    "memorysetup-profiler-bucket-allocator-block-size=33554432"
    "memorysetup-profiler-bucket-allocator-block-count=8"
    "memorysetup-profiler-allocator-block-size=16777216"
    "memorysetup-profiler-editor-allocator-block-size=1048576"
    "memorysetup-temp-allocator-size-main=16777216"
    "memorysetup-job-temp-allocator-block-size=2097152"
    "memorysetup-job-temp-allocator-block-size-background=1048576"
    "memorysetup-job-temp-allocator-reduction-small-platforms=262144"
    "memorysetup-allocator-temp-initial-block-size-main=262144"
    "memorysetup-allocator-temp-initial-block-size-worker=262144"
    "memorysetup-temp-allocator-size-background-worker=32768"
    "memorysetup-temp-allocator-size-job-worker=262144"
    "memorysetup-temp-allocator-size-preload-manager=33554432"
    "memorysetup-temp-allocator-size-nav-mesh-worker=65536"
    "memorysetup-temp-allocator-size-audio-worker=65536"
    "memorysetup-temp-allocator-size-cloud-worker=32768"
    "memorysetup-temp-allocator-size-gi-baking-worker=262144"
    "memorysetup-temp-allocator-size-gfx=262144"
Player connection [17612]  Target information:

Player connection [17612]  * "[IP] 192.168.200.142 [Port] 0 [Flags] 2 [Guid] 1532019291 [EditorId] 1532019291 [Version] 1048832 [Id] WindowsEditor(7,ChangIn) [Debug] 1 [PackageName] WindowsEditor [ProjectName] Editor" 

Player connection [17612] Host joined multi-casting on [225.0.0.222:54997]...
Player connection [17612] Host joined alternative multi-casting on [225.0.0.222:34997]...
[PhysX] Initialized MultithreadedTaskDispatcher with 12 workers.
Refreshing native plugins compatible for Editor in 18.41 ms, found 3 plugins.
Preloading 0 native plugins for Editor in 0.00 ms.
Initialize engine version: 2022.3.55f1 (9f374180d209)
[Subsystems] Discovering subsystems at path C:/Program Files/Unity/Hub/Editor/2022.3.55f1/Editor/Data/Resources/UnitySubsystems
[Subsystems] Discovering subsystems at path C:/Users/vel55/Desktop/Fortress/Fortress/Assets
GfxDevice: creating device client; threaded=0; jobified=0
Direct3D:
    Version:  Direct3D 11.0 [level 11.1]
    Renderer: NVIDIA GeForce RTX 3060 (ID=0x2504)
    Vendor:   NVIDIA
    VRAM:     12115 MB
    Driver:   31.0.15.5241
Initialize mono
Mono path[0] = 'C:/Program Files/Unity/Hub/Editor/2022.3.55f1/Editor/Data/Managed'
Mono path[1] = 'C:/Program Files/Unity/Hub/Editor/2022.3.55f1/Editor/Data/MonoBleedingEdge/lib/mono/unityjit-win32'
Mono config path = 'C:/Program Files/Unity/Hub/Editor/2022.3.55f1/Editor/Data/MonoBleedingEdge/etc'
Using monoOptions --debugger-agent=transport=dt_socket,embedding=1,server=y,suspend=n,address=127.0.0.1:56788
Begin MonoManager ReloadAssembly
Registering precompiled unity dll's ...
Register platform support module: C:/Program Files/Unity/Hub/Editor/2022.3.55f1/Editor/Data/PlaybackEngines/WindowsStandaloneSupport/UnityEditor.WindowsStandalone.Extensions.dll
Registered in 0.011053 seconds.
- Loaded All Assemblies, in  0.554 seconds
Native extension for WindowsStandalone target not found
Mono: successfully reloaded assembly
- Finished resetting the current domain, in  0.348 seconds
Domain Reload Profiling: 899ms
	BeginReloadAssembly (206ms)
		ExecutionOrderSort (0ms)
		DisableScriptedObjects (0ms)
		BackupInstance (0ms)
		ReleaseScriptingObjects (0ms)
		CreateAndSetChildDomain (1ms)
	RebuildCommonClasses (47ms)
	RebuildNativeTypeToScriptingClass (13ms)
	initialDomainReloadingComplete (78ms)
	LoadAllAssembliesAndSetupDomain (207ms)
		LoadAssemblies (200ms)
		RebuildTransferFunctionScriptingTraits (0ms)
		AnalyzeDomain (204ms)
			TypeCache.Refresh (203ms)
				TypeCache.ScanAssembly (182ms)
			ScanForSourceGeneratedMonoScriptInfo (0ms)
			ResolveRequiredComponents (0ms)
	FinalizeReload (349ms)
		ReleaseScriptCaches (0ms)
		RebuildScriptCaches (0ms)
		SetupLoadedEditorAssemblies (282ms)
			LogAssemblyErrors (0ms)
			InitializePlatformSupportModulesInManaged (11ms)
			SetLoadedEditorAssemblies (9ms)
			RefreshPlugins (0ms)
			BeforeProcessingInitializeOnLoad (3ms)
			ProcessInitializeOnLoadAttributes (193ms)
			ProcessInitializeOnLoadMethodAttributes (66ms)
			AfterProcessingInitializeOnLoad (0ms)
			EditorAssembliesLoaded (0ms)
		ExecutionOrderSort2 (0ms)
		AwakeInstancesAfterBackupRestoration (0ms)
========================================================================
Worker process is ready to serve import requests
Caller must complete domain reload
Begin MonoManager ReloadAssembly
- Loaded All Assemblies, in  0.884 seconds
Native extension for WindowsStandalone target not found
Mono: successfully reloaded assembly
- Finished resetting the current domain, in  0.629 seconds
Domain Reload Profiling: 1510ms
	BeginReloadAssembly (198ms)
		ExecutionOrderSort (0ms)
		DisableScriptedObjects (6ms)
		BackupInstance (0ms)
		ReleaseScriptingObjects (0ms)
		CreateAndSetChildDomain (24ms)
	RebuildCommonClasses (42ms)
	RebuildNativeTypeToScriptingClass (10ms)
	initialDomainReloadingComplete (48ms)
	LoadAllAssembliesAndSetupDomain (581ms)
		LoadAssemblies (508ms)
		RebuildTransferFunctionScriptingTraits (0ms)
		AnalyzeDomain (197ms)
			TypeCache.Refresh (169ms)
				TypeCache.ScanAssembly (152ms)
			ScanForSourceGeneratedMonoScriptInfo (19ms)
			ResolveRequiredComponents (7ms)
	FinalizeReload (630ms)
		ReleaseScriptCaches (0ms)
		RebuildScriptCaches (0ms)
		SetupLoadedEditorAssemblies (465ms)
			LogAssemblyErrors (0ms)
			InitializePlatformSupportModulesInManaged (9ms)
			SetLoadedEditorAssemblies (3ms)
			RefreshPlugins (0ms)
			BeforeProcessingInitializeOnLoad (64ms)
			ProcessInitializeOnLoadAttributes (346ms)
			ProcessInitializeOnLoadMethodAttributes (30ms)
			AfterProcessingInitializeOnLoad (13ms)
			EditorAssembliesLoaded (0ms)
		ExecutionOrderSort2 (0ms)
		AwakeInstancesAfterBackupRestoration (18ms)
Launched and connected shader compiler UnityShaderCompiler.exe after 0.06 seconds
Refreshing native plugins compatible for Editor in 10.22 ms, found 3 plugins.
Preloading 0 native plugins for Editor in 0.00 ms.
Unloading 3495 Unused Serialized files (Serialized files now loaded: 0)
Unloading 22 unused Assets / (56.2 KB). Loaded Objects now: 3960.
Memory consumption went from 130.9 MB to 130.8 MB.
Total: 5.558200 ms (FindLiveObjects: 0.474800 ms CreateObjectMapping: 0.344400 ms MarkObjects: 4.615100 ms  DeleteObjects: 0.123000 ms)

AssetImportParameters requested are different than current active one (requested -> active):
  custom:container-demuxer-ogg: 62fdf1f143b41e24485cea50d1cbac27 -> 
  custom:video-decoder-ogg-theora: a1e56fd34408186e4bbccfd4996cb3dc -> 
  custom:framework-win-MediaFoundation: 216162199b28c13a410421893ffa2e32 -> 
  custom:CustomObjectIndexerAttribute: 9a22284fe3817be447336de3de66b15e -> 
  custom:container-demuxer-webm: 4f35f7cbe854078d1ac9338744f61a02 -> 
  custom:container-muxer-webm: aa71ff27fc2769a1b78a27578f13a17b -> 
  custom:video-decoder-webm-vp8: 9c59270c3fd7afecdb556c50c9e8de78 -> 
  custom:SearchIndexIgnoredProperties: e643bd26f0fe6173181afceb89e7c659 -> 
  custom:AudioImporter_EditorPlatform: d09bf68614088b80899f8185d706f6e7 -> 
  custom:video-encoder-webm-vp8: eb34c28f22e8b96e1ab97ce403110664 -> 
  custom:audio-decoder-ogg-vorbis: bf7c407c2cedff20999df2af8eb42d56 -> 
  custom:audio-encoder-webm-vorbis: bf7c407c2cedff20999df2af8eb42d56 -> 
========================================================================
Received Import Request.
  Time since last request: 521867.131591 seconds.
  path: Assets/Nature and Tank Model Pack/Models/tank-head_002.fbx
  artifactKey: Guid(313430bdcc6646446823e219f153f83d) Importer(2089858483,0ecaa5967403d082aa24f35e1b516d23)
Start importing Assets/Nature and Tank Model Pack/Models/tank-head_002.fbx using Guid(313430bdcc6646446823e219f153f83d) Importer(2089858483,0ecaa5967403d082aa24f35e1b516d23) [PhysX] Initialized MultithreadedTaskDispatcher with 12 workers.
 -> (artifact id: '0136d2ab5e39e10c9260d1fff0f21da0') in 0.205823 seconds
Number of updated asset objects reloaded before import = 0
Number of asset objects unloaded after import = 9
========================================================================
Received Import Request.
  Time since last request: 0.000043 seconds.
  path: Assets/PlayFabSDK/link.xml
  artifactKey: Guid(dc2c3070dc174cc45a4aaf1a5e38263d) Importer(2089858483,0ecaa5967403d082aa24f35e1b516d23)
Start importing Assets/PlayFabSDK/link.xml using Guid(dc2c3070dc174cc45a4aaf1a5e38263d) Importer(2089858483,0ecaa5967403d082aa24f35e1b516d23) [PhysX] Initialized MultithreadedTaskDispatcher with 12 workers.
 -> (artifact id: '294b00e87ea189af2d27e205f51e67c8') in 0.027411 seconds
Number of updated asset objects reloaded before import = 0
Number of asset objects unloaded after import = 1
========================================================================
Received Import Request.
  Time since last request: 0.000025 seconds.
  path: Assets/Nature and Tank Model Pack/Models/plant_009.fbx
  artifactKey: Guid(e3b68cde332442142be0efe9540b197d) Importer(2089858483,0ecaa5967403d082aa24f35e1b516d23)
Start importing Assets/Nature and Tank Model Pack/Models/plant_009.fbx using Guid(e3b68cde332442142be0efe9540b197d) Importer(2089858483,0ecaa5967403d082aa24f35e1b516d23) [PhysX] Initialized MultithreadedTaskDispatcher with 12 workers.
 -> (artifact id: '6b9d52fb35bb158a86ad7e9bb996433a') in 0.045125 seconds
Number of updated asset objects reloaded before import = 0
Number of asset objects unloaded after import = 9
========================================================================
Received Import Request.
  Time since last request: 0.000022 seconds.
  path: Assets/Nature and Tank Model Pack/Prefabs/box.prefab
  artifactKey: Guid(836714402ce98484e984c27631eaaee7) Importer(2089858483,0ecaa5967403d082aa24f35e1b516d23)
Start importing Assets/Nature and Tank Model Pack/Prefabs/box.prefab using Guid(836714402ce98484e984c27631eaaee7) Importer(2089858483,0ecaa5967403d082aa24f35e1b516d23) [PhysX] Initialized MultithreadedTaskDispatcher with 12 workers.
 -> (artifact id: '4e5a373f705356906405b56ee8e2d721') in 0.032714 seconds
Number of updated asset objects reloaded before import = 0
Number of asset objects unloaded after import = 7
========================================================================
Received Import Request.
  Time since last request: 0.000024 seconds.
  path: Assets/Nature and Tank Model Pack/Prefabs/plant_006.prefab
  artifactKey: Guid(1292788ddc778f34791e7bdb5c5ab996) Importer(2089858483,0ecaa5967403d082aa24f35e1b516d23)
Start importing Assets/Nature and Tank Model Pack/Prefabs/plant_006.prefab using Guid(1292788ddc778f34791e7bdb5c5ab996) Importer(2089858483,0ecaa5967403d082aa24f35e1b516d23) [PhysX] Initialized MultithreadedTaskDispatcher with 12 workers.
 -> (artifact id: '5e05cacdcc875df49b9454b858e22194') in 0.039380 seconds
Number of updated asset objects reloaded before import = 0
Number of asset objects unloaded after import = 7
========================================================================
Received Import Request.
  Time since last request: 0.000025 seconds.
  path: Assets/Nature and Tank Model Pack/Prefabs/plant_002.prefab
  artifactKey: Guid(b9d0807c233784147803983163281d35) Importer(2089858483,0ecaa5967403d082aa24f35e1b516d23)
Start importing Assets/Nature and Tank Model Pack/Prefabs/plant_002.prefab using Guid(b9d0807c233784147803983163281d35) Importer(2089858483,0ecaa5967403d082aa24f35e1b516d23) [PhysX] Initialized MultithreadedTaskDispatcher with 12 workers.
 -> (artifact id: 'c4a70cdcbf999fbbb8d841ebb054839e') in 0.036168 seconds
Number of updated asset objects reloaded before import = 0
Number of asset objects unloaded after import = 7
========================================================================
Received Import Request.
  Time since last request: 0.000032 seconds.
  path: Assets/Nature and Tank Model Pack/Prefabs/cliff_002.prefab
  artifactKey: Guid(5594f4d1f4c234740b9fb8b6a9312125) Importer(2089858483,0ecaa5967403d082aa24f35e1b516d23)
Start importing Assets/Nature and Tank Model Pack/Prefabs/cliff_002.prefab using Guid(5594f4d1f4c234740b9fb8b6a9312125) Importer(2089858483,0ecaa5967403d082aa24f35e1b516d23) [PhysX] Initialized MultithreadedTaskDispatcher with 12 workers.
 -> (artifact id: '48cd04a52d470d27fb37f2d024392356') in 0.035896 seconds
Number of updated asset objects reloaded before import = 0
Number of asset objects unloaded after import = 7
========================================================================
Received Import Request.
  Time since last request: 0.000039 seconds.
  path: Assets/Nature and Tank Model Pack/Models/cliff_005.fbx
  artifactKey: Guid(b1bf9dfa5149f8644887db1341b23d2f) Importer(2089858483,0ecaa5967403d082aa24f35e1b516d23)
Start importing Assets/Nature and Tank Model Pack/Models/cliff_005.fbx using Guid(b1bf9dfa5149f8644887db1341b23d2f) Importer(2089858483,0ecaa5967403d082aa24f35e1b516d23) [PhysX] Initialized MultithreadedTaskDispatcher with 12 workers.
 -> (artifact id: '309a3195dce19d7add5eea2148aa1d9c') in 0.039214 seconds
Number of updated asset objects reloaded before import = 0
Number of asset objects unloaded after import = 9
========================================================================
Received Import Request.
  Time since last request: 0.000038 seconds.
  path: Assets/Nature and Tank Model Pack/Prefabs/bridge_001.prefab
  artifactKey: Guid(20c69e79a3d28764fbb6f459c5618007) Importer(2089858483,0ecaa5967403d082aa24f35e1b516d23)
Start importing Assets/Nature and Tank Model Pack/Prefabs/bridge_001.prefab using Guid(20c69e79a3d28764fbb6f459c5618007) Importer(2089858483,0ecaa5967403d082aa24f35e1b516d23) [PhysX] Initialized MultithreadedTaskDispatcher with 12 workers.
 -> (artifact id: '924aa823f47b0b6c5518e973405d1646') in 0.040227 seconds
Number of updated asset objects reloaded before import = 0
Number of asset objects unloaded after import = 7
========================================================================
Received Import Request.
  Time since last request: 0.000028 seconds.
  path: Assets/Nature and Tank Model Pack/Models/tank-body_002.fbx
  artifactKey: Guid(27c580a761f97bf4b8f00b3444ef34b2) Importer(2089858483,0ecaa5967403d082aa24f35e1b516d23)
Start importing Assets/Nature and Tank Model Pack/Models/tank-body_002.fbx using Guid(27c580a761f97bf4b8f00b3444ef34b2) Importer(2089858483,0ecaa5967403d082aa24f35e1b516d23) [PhysX] Initialized MultithreadedTaskDispatcher with 12 workers.
 -> (artifact id: '4d0b67853c8510a4b1655daa560700b6') in 0.037881 seconds
Number of updated asset objects reloaded before import = 0
Number of asset objects unloaded after import = 9
========================================================================
Received Import Request.
  Time since last request: 0.000029 seconds.
  path: Assets/Nature and Tank Model Pack/Models/wall.fbx
  artifactKey: Guid(6c5dd928543b66d4fb137ed4c80a5ffa) Importer(2089858483,0ecaa5967403d082aa24f35e1b516d23)
Start importing Assets/Nature and Tank Model Pack/Models/wall.fbx using Guid(6c5dd928543b66d4fb137ed4c80a5ffa) Importer(2089858483,0ecaa5967403d082aa24f35e1b516d23) [PhysX] Initialized MultithreadedTaskDispatcher with 12 workers.
 -> (artifact id: 'a1464fcb14959883c89ca8cf0ffddb73') in 0.043763 seconds
Number of updated asset objects reloaded before import = 0
Number of asset objects unloaded after import = 9
========================================================================
Received Import Request.
  Time since last request: 0.000025 seconds.
  path: Assets/Prefabs/Room.prefab
  artifactKey: Guid(712a74219c13bfc44bb60a275fe3bdde) Importer(2089858483,0ecaa5967403d082aa24f35e1b516d23)
Start importing Assets/Prefabs/Room.prefab using Guid(712a74219c13bfc44bb60a275fe3bdde) Importer(2089858483,0ecaa5967403d082aa24f35e1b516d23) [PhysX] Initialized MultithreadedTaskDispatcher with 12 workers.
 -> (artifact id: '6cae4ad0edc705bed4a4ae9289da3fa5') in 0.091179 seconds
Number of updated asset objects reloaded before import = 0
Number of asset objects unloaded after import = 11
========================================================================
Received Import Request.
  Time since last request: 0.000038 seconds.
  path: Assets/Nature and Tank Model Pack/Models/cliff_004.fbx
  artifactKey: Guid(9cefb63b6bdd85548912b3da7882a017) Importer(2089858483,0ecaa5967403d082aa24f35e1b516d23)
Start importing Assets/Nature and Tank Model Pack/Models/cliff_004.fbx using Guid(9cefb63b6bdd85548912b3da7882a017) Importer(2089858483,0ecaa5967403d082aa24f35e1b516d23) [PhysX] Initialized MultithreadedTaskDispatcher with 12 workers.
 -> (artifact id: 'ff9cd1638b49e21d088a96dfb18fb105') in 0.039081 seconds
Number of updated asset objects reloaded before import = 0
Number of asset objects unloaded after import = 9
========================================================================
Received Import Request.
  Time since last request: 0.000036 seconds.
  path: Assets/Nature and Tank Model Pack/Prefabs/cliff_007.prefab
  artifactKey: Guid(328535187cd368447a655dcfa4f16d93) Importer(2089858483,0ecaa5967403d082aa24f35e1b516d23)
Start importing Assets/Nature and Tank Model Pack/Prefabs/cliff_007.prefab using Guid(328535187cd368447a655dcfa4f16d93) Importer(2089858483,0ecaa5967403d082aa24f35e1b516d23) [PhysX] Initialized MultithreadedTaskDispatcher with 12 workers.
 -> (artifact id: '4a316bd53eded2719b19a26f101b8bc5') in 0.047271 seconds
Number of updated asset objects reloaded before import = 0
Number of asset objects unloaded after import = 7
========================================================================
Received Import Request.
  Time since last request: 0.000030 seconds.
  path: Assets/Nature and Tank Model Pack/Prefabs/plant.prefab
  artifactKey: Guid(36874e0ef883abc44bf60375a3528535) Importer(2089858483,0ecaa5967403d082aa24f35e1b516d23)
Start importing Assets/Nature and Tank Model Pack/Prefabs/plant.prefab using Guid(36874e0ef883abc44bf60375a3528535) Importer(2089858483,0ecaa5967403d082aa24f35e1b516d23) [PhysX] Initialized MultithreadedTaskDispatcher with 12 workers.
 -> (artifact id: '538121a963fd581e76be46202936d46e') in 0.033935 seconds
Number of updated asset objects reloaded before import = 0
Number of asset objects unloaded after import = 7
========================================================================
Received Import Request.
  Time since last request: 0.000023 seconds.
  path: Assets/Nature and Tank Model Pack/Prefabs/cliff_008.prefab
  artifactKey: Guid(9bf0d7b635595764896f280a79faad76) Importer(2089858483,0ecaa5967403d082aa24f35e1b516d23)
Start importing Assets/Nature and Tank Model Pack/Prefabs/cliff_008.prefab using Guid(9bf0d7b635595764896f280a79faad76) Importer(2089858483,0ecaa5967403d082aa24f35e1b516d23) [PhysX] Initialized MultithreadedTaskDispatcher with 12 workers.
 -> (artifact id: '761b8bb6e85b2f8af9cefa540d1c263a') in 0.040942 seconds
Number of updated asset objects reloaded before import = 0
Number of asset objects unloaded after import = 7
========================================================================
Received Import Request.
  Time since last request: 0.000024 seconds.
  path: Assets/Nature and Tank Model Pack/Models/cliff_006.fbx
  artifactKey: Guid(ce43515043de11e4f89bb146477572dd) Importer(2089858483,0ecaa5967403d082aa24f35e1b516d23)
Start importing Assets/Nature and Tank Model Pack/Models/cliff_006.fbx using Guid(ce43515043de11e4f89bb146477572dd) Importer(2089858483,0ecaa5967403d082aa24f35e1b516d23) [PhysX] Initialized MultithreadedTaskDispatcher with 12 workers.
 -> (artifact id: 'b691ed60d39461733708da39789b0cb7') in 0.026041 seconds
Number of updated asset objects reloaded before import = 0
Number of asset objects unloaded after import = 9
========================================================================
Received Import Request.
  Time since last request: 0.000021 seconds.
  path: Assets/Nature and Tank Model Pack/Models/rock_005.fbx
  artifactKey: Guid(a98444258f0807941a9effb979e3a63c) Importer(2089858483,0ecaa5967403d082aa24f35e1b516d23)
Start importing Assets/Nature and Tank Model Pack/Models/rock_005.fbx using Guid(a98444258f0807941a9effb979e3a63c) Importer(2089858483,0ecaa5967403d082aa24f35e1b516d23) [PhysX] Initialized MultithreadedTaskDispatcher with 12 workers.
 -> (artifact id: '68edbd366a494fd840e1828f8a9af2b9') in 0.037550 seconds
Number of updated asset objects reloaded before import = 0
Number of asset objects unloaded after import = 9
========================================================================
Received Import Request.
  Time since last request: 0.000020 seconds.
  path: Assets/Nature and Tank Model Pack/Prefabs/ground.prefab
  artifactKey: Guid(2f7f2956c95c593449d0f1e4a42be145) Importer(2089858483,0ecaa5967403d082aa24f35e1b516d23)
Start importing Assets/Nature and Tank Model Pack/Prefabs/ground.prefab using Guid(2f7f2956c95c593449d0f1e4a42be145) Importer(2089858483,0ecaa5967403d082aa24f35e1b516d23) [PhysX] Initialized MultithreadedTaskDispatcher with 12 workers.
 -> (artifact id: 'd5de9bac97a29d6843739c46383f87d6') in 0.038757 seconds
Number of updated asset objects reloaded before import = 0
Number of asset objects unloaded after import = 7
========================================================================
Received Import Request.
  Time since last request: 0.000029 seconds.
  path: Assets/Nature and Tank Model Pack/Models/plant_012.fbx
  artifactKey: Guid(9ef8c769a96d9934b92ed0450ffc8d7d) Importer(2089858483,0ecaa5967403d082aa24f35e1b516d23)
Start importing Assets/Nature and Tank Model Pack/Models/plant_012.fbx using Guid(9ef8c769a96d9934b92ed0450ffc8d7d) Importer(2089858483,0ecaa5967403d082aa24f35e1b516d23) [PhysX] Initialized MultithreadedTaskDispatcher with 12 workers.
 -> (artifact id: '322ab9fc8a9aa23277833860ddefcd6e') in 0.046798 seconds
Number of updated asset objects reloaded before import = 0
Number of asset objects unloaded after import = 9
========================================================================
Received Import Request.
  Time since last request: 0.000046 seconds.
  path: Assets/Nature and Tank Model Pack/Models/bridge_001.fbx
  artifactKey: Guid(03850641f884e534894060ce0d00df61) Importer(2089858483,0ecaa5967403d082aa24f35e1b516d23)
Start importing Assets/Nature and Tank Model Pack/Models/bridge_001.fbx using Guid(03850641f884e534894060ce0d00df61) Importer(2089858483,0ecaa5967403d082aa24f35e1b516d23) [PhysX] Initialized MultithreadedTaskDispatcher with 12 workers.
 -> (artifact id: '2c550bc6131b6b6e950dd99cba98e49e') in 0.038219 seconds
Number of updated asset objects reloaded before import = 0
Number of asset objects unloaded after import = 9
========================================================================
Received Import Request.
  Time since last request: 0.000034 seconds.
  path: Assets/Scripts/LobbyManager.cs
  artifactKey: Guid(f7a547ab62813f947a22821a40d67484) Importer(2089858483,0ecaa5967403d082aa24f35e1b516d23)
Start importing Assets/Scripts/LobbyManager.cs using Guid(f7a547ab62813f947a22821a40d67484) Importer(2089858483,0ecaa5967403d082aa24f35e1b516d23) [PhysX] Initialized MultithreadedTaskDispatcher with 12 workers.
 -> (artifact id: '7233a02442991901eda79990ad91ea73') in 0.020403 seconds
Number of updated asset objects reloaded before import = 0
Number of asset objects unloaded after import = 1
========================================================================
Received Import Request.
  Time since last request: 0.000025 seconds.
  path: Assets/Scenes/Room.unity
  artifactKey: Guid(8f721a51e7638c841afae4370e86c177) Importer(2089858483,0ecaa5967403d082aa24f35e1b516d23)
Start importing Assets/Scenes/Room.unity using Guid(8f721a51e7638c841afae4370e86c177) Importer(2089858483,0ecaa5967403d082aa24f35e1b516d23) [PhysX] Initialized MultithreadedTaskDispatcher with 12 workers.
 -> (artifact id: '9d5b4fd059f164ef546e94d548c5474d') in 0.015287 seconds
Number of updated asset objects reloaded before import = 0
Number of asset objects unloaded after import = 1
========================================================================
Received Import Request.
  Time since last request: 0.000033 seconds.
  path: Assets/PlayFabSDK/Addon/PlayFabAddonInstanceAPI.cs
  artifactKey: Guid(cb16ee30d77a0bd4095b94a53a375676) Importer(2089858483,0ecaa5967403d082aa24f35e1b516d23)
Start importing Assets/PlayFabSDK/Addon/PlayFabAddonInstanceAPI.cs using Guid(cb16ee30d77a0bd4095b94a53a375676) Importer(2089858483,0ecaa5967403d082aa24f35e1b516d23) [PhysX] Initialized MultithreadedTaskDispatcher with 12 workers.
 -> (artifact id: 'a4bdf8ac92638e445ded0025d610a914') in 0.022721 seconds
Number of updated asset objects reloaded before import = 0
Number of asset objects unloaded after import = 1
========================================================================
Received Import Request.
  Time since last request: 0.000029 seconds.
  path: Assets/Nature and Tank Model Pack/Prefabs/tank-body_003.prefab
  artifactKey: Guid(e350a24e86e5c284d92aa431ec207e63) Importer(2089858483,0ecaa5967403d082aa24f35e1b516d23)
Start importing Assets/Nature and Tank Model Pack/Prefabs/tank-body_003.prefab using Guid(e350a24e86e5c284d92aa431ec207e63) Importer(2089858483,0ecaa5967403d082aa24f35e1b516d23) [PhysX] Initialized MultithreadedTaskDispatcher with 12 workers.
 -> (artifact id: '217a500f409111f1ef80ae48aeba6435') in 0.043365 seconds
Number of updated asset objects reloaded before import = 0
Number of asset objects unloaded after import = 12
========================================================================
Received Import Request.
  Time since last request: 0.000029 seconds.
  path: Assets/Photon/PhotonLibs/Photon3Unity3D.xml
  artifactKey: Guid(8d4f08d435c4b6343969d8af249460ff) Importer(2089858483,0ecaa5967403d082aa24f35e1b516d23)
Start importing Assets/Photon/PhotonLibs/Photon3Unity3D.xml using Guid(8d4f08d435c4b6343969d8af249460ff) Importer(2089858483,0ecaa5967403d082aa24f35e1b516d23) [PhysX] Initialized MultithreadedTaskDispatcher with 12 workers.
 -> (artifact id: '54dcd3a4a6f0aa801b7b31e30fb025bd') in 0.032599 seconds
Number of updated asset objects reloaded before import = 0
Number of asset objects unloaded after import = 1
========================================================================
Received Import Request.
  Time since last request: 0.000028 seconds.
  path: Assets/PlayFabSDK/Client/PlayFabDeviceUtil.cs
  artifactKey: Guid(dd4190ddf909a304eb43068a0caea903) Importer(2089858483,0ecaa5967403d082aa24f35e1b516d23)
Start importing Assets/PlayFabSDK/Client/PlayFabDeviceUtil.cs using Guid(dd4190ddf909a304eb43068a0caea903) Importer(2089858483,0ecaa5967403d082aa24f35e1b516d23) [PhysX] Initialized MultithreadedTaskDispatcher with 12 workers.
 -> (artifact id: 'c88bb5f96340227ba425c26cfcdafc45') in 0.020104 seconds
Number of updated asset objects reloaded before import = 0
Number of asset objects unloaded after import = 1
========================================================================
Received Import Request.
  Time since last request: 0.000028 seconds.
  path: Assets/Nature and Tank Model Pack/Prefabs/plant_013.prefab
  artifactKey: Guid(b1b31d79e74e41846aeb08ce912d686c) Importer(2089858483,0ecaa5967403d082aa24f35e1b516d23)
Start importing Assets/Nature and Tank Model Pack/Prefabs/plant_013.prefab using Guid(b1b31d79e74e41846aeb08ce912d686c) Importer(2089858483,0ecaa5967403d082aa24f35e1b516d23) [PhysX] Initialized MultithreadedTaskDispatcher with 12 workers.
 -> (artifact id: '10f953c40219f865bb78bfd105720e3e') in 0.042452 seconds
Number of updated asset objects reloaded before import = 0
Number of asset objects unloaded after import = 7
========================================================================
Received Import Request.
  Time since last request: 0.000028 seconds.
  path: Assets/Nature and Tank Model Pack/Prefabs/rock_004.prefab
  artifactKey: Guid(8926c81eaa232564a96b3a7a84734274) Importer(2089858483,0ecaa5967403d082aa24f35e1b516d23)
Start importing Assets/Nature and Tank Model Pack/Prefabs/rock_004.prefab using Guid(8926c81eaa232564a96b3a7a84734274) Importer(2089858483,0ecaa5967403d082aa24f35e1b516d23) [PhysX] Initialized MultithreadedTaskDispatcher with 12 workers.
 -> (artifact id: '28508d9f5be731af8f4cd8178bb8c06e') in 0.044744 seconds
Number of updated asset objects reloaded before import = 0
Number of asset objects unloaded after import = 7
========================================================================
Received Import Request.
  Time since last request: 0.000042 seconds.
  path: Assets/Photon/PhotonLibs/Photon3Unity3D.pdb
  artifactKey: Guid(93859f4db66a6aa4183dbad399a56e24) Importer(2089858483,0ecaa5967403d082aa24f35e1b516d23)
Start importing Assets/Photon/PhotonLibs/Photon3Unity3D.pdb using Guid(93859f4db66a6aa4183dbad399a56e24) Importer(2089858483,0ecaa5967403d082aa24f35e1b516d23) [PhysX] Initialized MultithreadedTaskDispatcher with 12 workers.
 -> (artifact id: 'b5c3b8c99dff4c79a2edf739c2a06c91') in 0.015414 seconds
Number of updated asset objects reloaded before import = 0
Number of asset objects unloaded after import = 1
========================================================================
Received Import Request.
  Time since last request: 0.000024 seconds.
  path: Assets/Nature and Tank Model Pack/Prefabs/wall.prefab
  artifactKey: Guid(1d0b6ac3d0c6e784487b45fd23f12145) Importer(2089858483,0ecaa5967403d082aa24f35e1b516d23)
Start importing Assets/Nature and Tank Model Pack/Prefabs/wall.prefab using Guid(1d0b6ac3d0c6e784487b45fd23f12145) Importer(2089858483,0ecaa5967403d082aa24f35e1b516d23) [PhysX] Initialized MultithreadedTaskDispatcher with 12 workers.
 -> (artifact id: '94d35be8acc53ad705682d09819bcdd6') in 0.030992 seconds
Number of updated asset objects reloaded before import = 0
Number of asset objects unloaded after import = 7
========================================================================
Received Import Request.
  Time since last request: 0.000020 seconds.
  path: Assets/Nature and Tank Model Pack/Prefabs/tree_001.prefab
  artifactKey: Guid(7ce820fc22e288442b9bd4de3c83036a) Importer(2089858483,0ecaa5967403d082aa24f35e1b516d23)
Start importing Assets/Nature and Tank Model Pack/Prefabs/tree_001.prefab using Guid(7ce820fc22e288442b9bd4de3c83036a) Importer(2089858483,0ecaa5967403d082aa24f35e1b516d23) [PhysX] Initialized MultithreadedTaskDispatcher with 12 workers.
 -> (artifact id: 'eecfb9907c067a2ed183b9f8c0302a73') in 0.030702 seconds
Number of updated asset objects reloaded before import = 0
Number of asset objects unloaded after import = 7
========================================================================
Received Import Request.
  Time since last request: 0.000029 seconds.
  path: Assets/PlayFabSDK/Addon/PlayFabEvents.cs
  artifactKey: Guid(d196246361876214999b16fe616a0f32) Importer(2089858483,0ecaa5967403d082aa24f35e1b516d23)
Start importing Assets/PlayFabSDK/Addon/PlayFabEvents.cs using Guid(d196246361876214999b16fe616a0f32) Importer(2089858483,0ecaa5967403d082aa24f35e1b516d23) [PhysX] Initialized MultithreadedTaskDispatcher with 12 workers.
 -> (artifact id: '05acfea2658d96bd70f9db6aae1d8b4c') in 0.019320 seconds
Number of updated asset objects reloaded before import = 0
Number of asset objects unloaded after import = 1
========================================================================
Received Import Request.
  Time since last request: 0.000032 seconds.
  path: Assets/Scripts/PlayfabManager.cs
  artifactKey: Guid(d412c218ec96f9245acaafec0945a158) Importer(2089858483,0ecaa5967403d082aa24f35e1b516d23)
Start importing Assets/Scripts/PlayfabManager.cs using Guid(d412c218ec96f9245acaafec0945a158) Importer(2089858483,0ecaa5967403d082aa24f35e1b516d23) [PhysX] Initialized MultithreadedTaskDispatcher with 12 workers.
 -> (artifact id: '3addc1994e28d7f6a5903581ff7fd8f3') in 0.016958 seconds
Number of updated asset objects reloaded before import = 0
Number of asset objects unloaded after import = 1
========================================================================
Received Import Request.
  Time since last request: 0.000028 seconds.
  path: Assets/Nature and Tank Model Pack/Textures/TexturePack_Flat_2.psd
  artifactKey: Guid(a7826efcaf56ca840b2f74e6e248c3ce) Importer(2089858483,0ecaa5967403d082aa24f35e1b516d23)
Start importing Assets/Nature and Tank Model Pack/Textures/TexturePack_Flat_2.psd using Guid(a7826efcaf56ca840b2f74e6e248c3ce) Importer(2089858483,0ecaa5967403d082aa24f35e1b516d23) [PhysX] Initialized MultithreadedTaskDispatcher with 12 workers.
 -> (artifact id: '1563845cf1aae46bcb6858d8954af32f') in 0.069691 seconds
Number of updated asset objects reloaded before import = 0
Number of asset objects unloaded after import = 1
========================================================================
Received Import Request.
  Time since last request: 0.000034 seconds.
  path: Assets/Nature and Tank Model Pack/Prefabs/rock_006.prefab
  artifactKey: Guid(5614ccdf1f14e0744a1ac31147845660) Importer(2089858483,0ecaa5967403d082aa24f35e1b516d23)
Start importing Assets/Nature and Tank Model Pack/Prefabs/rock_006.prefab using Guid(5614ccdf1f14e0744a1ac31147845660) Importer(2089858483,0ecaa5967403d082aa24f35e1b516d23) [PhysX] Initialized MultithreadedTaskDispatcher with 12 workers.
 -> (artifact id: '3cf495c315ec029f3855bf44502ee906') in 0.029671 seconds
Number of updated asset objects reloaded before import = 0
Number of asset objects unloaded after import = 7
========================================================================
Received Import Request.
  Time since last request: 0.000031 seconds.
  path: Assets/Nature and Tank Model Pack/Models/canon_001.fbx
  artifactKey: Guid(431db612f98c9df4ab2eac05d2b1dc1a) Importer(2089858483,0ecaa5967403d082aa24f35e1b516d23)
Start importing Assets/Nature and Tank Model Pack/Models/canon_001.fbx using Guid(431db612f98c9df4ab2eac05d2b1dc1a) Importer(2089858483,0ecaa5967403d082aa24f35e1b516d23) [PhysX] Initialized MultithreadedTaskDispatcher with 12 workers.
 -> (artifact id: 'd7ac7074f6796ca84b4f98a37f6b0276') in 0.029240 seconds
Number of updated asset objects reloaded before import = 0
Number of asset objects unloaded after import = 9
========================================================================
Received Import Request.
  Time since last request: 0.000033 seconds.
  path: Assets/Nature and Tank Model Pack/Prefabs/plant_003.prefab
  artifactKey: Guid(83d79693ade4f64428261a0bddd6038e) Importer(2089858483,0ecaa5967403d082aa24f35e1b516d23)
Start importing Assets/Nature and Tank Model Pack/Prefabs/plant_003.prefab using Guid(83d79693ade4f64428261a0bddd6038e) Importer(2089858483,0ecaa5967403d082aa24f35e1b516d23) [PhysX] Initialized MultithreadedTaskDispatcher with 12 workers.
 -> (artifact id: '36bbb8a9bb11d574f6433a816faa8d8c') in 0.030800 seconds
Number of updated asset objects reloaded before import = 0
Number of asset objects unloaded after import = 7
========================================================================
Received Import Request.
  Time since last request: 0.000022 seconds.
  path: Assets/Nature and Tank Model Pack/Models/wall_001.fbx
  artifactKey: Guid(daaf1e976134ce74196a02264b77a492) Importer(2089858483,0ecaa5967403d082aa24f35e1b516d23)
Start importing Assets/Nature and Tank Model Pack/Models/wall_001.fbx using Guid(daaf1e976134ce74196a02264b77a492) Importer(2089858483,0ecaa5967403d082aa24f35e1b516d23) [PhysX] Initialized MultithreadedTaskDispatcher with 12 workers.
 -> (artifact id: 'ab744be971d785fcafe63b2980c67aa7') in 0.039384 seconds
Number of updated asset objects reloaded before import = 0
Number of asset objects unloaded after import = 9
========================================================================
Received Import Request.
  Time since last request: 0.000023 seconds.
  path: Assets/Nature and Tank Model Pack/Prefabs/rock_005.prefab
  artifactKey: Guid(3fcb4a889a4a85f43843527112a1841b) Importer(2089858483,0ecaa5967403d082aa24f35e1b516d23)
Start importing Assets/Nature and Tank Model Pack/Prefabs/rock_005.prefab using Guid(3fcb4a889a4a85f43843527112a1841b) Importer(2089858483,0ecaa5967403d082aa24f35e1b516d23) [PhysX] Initialized MultithreadedTaskDispatcher with 12 workers.
 -> (artifact id: '4d70ff6f7f5613b41ccb3597f45e5bc8') in 0.026166 seconds
Number of updated asset objects reloaded before import = 0
Number of asset objects unloaded after import = 7
========================================================================
Received Import Request.
  Time since last request: 0.000022 seconds.
  path: Assets/Nature and Tank Model Pack/Prefabs/rock_009.prefab
  artifactKey: Guid(e61a8dd58c7536b4f9fdd037ab75e2ad) Importer(2089858483,0ecaa5967403d082aa24f35e1b516d23)
Start importing Assets/Nature and Tank Model Pack/Prefabs/rock_009.prefab using Guid(e61a8dd58c7536b4f9fdd037ab75e2ad) Importer(2089858483,0ecaa5967403d082aa24f35e1b516d23) [PhysX] Initialized MultithreadedTaskDispatcher with 12 workers.
 -> (artifact id: '1cce5417a46908d13ca775836f260c76') in 0.031830 seconds
Number of updated asset objects reloaded before import = 0
Number of asset objects unloaded after import = 7
========================================================================
Received Import Request.
  Time since last request: 0.000021 seconds.
  path: Assets/Nature and Tank Model Pack/Prefabs/bridge.prefab
  artifactKey: Guid(908b6b99cda144b4894221317f6453cf) Importer(2089858483,0ecaa5967403d082aa24f35e1b516d23)
Start importing Assets/Nature and Tank Model Pack/Prefabs/bridge.prefab using Guid(908b6b99cda144b4894221317f6453cf) Importer(2089858483,0ecaa5967403d082aa24f35e1b516d23) [PhysX] Initialized MultithreadedTaskDispatcher with 12 workers.
 -> (artifact id: 'aac717d1928c906b794cd9561801322a') in 0.028634 seconds
Number of updated asset objects reloaded before import = 0
Number of asset objects unloaded after import = 7
========================================================================
Received Import Request.
  Time since last request: 0.000024 seconds.
  path: Assets/Nature and Tank Model Pack/Prefabs/cliff_003.prefab
  artifactKey: Guid(bbf5362dd35566a49a3538c524e18a6f) Importer(2089858483,0ecaa5967403d082aa24f35e1b516d23)
Start importing Assets/Nature and Tank Model Pack/Prefabs/cliff_003.prefab using Guid(bbf5362dd35566a49a3538c524e18a6f) Importer(2089858483,0ecaa5967403d082aa24f35e1b516d23) [PhysX] Initialized MultithreadedTaskDispatcher with 12 workers.
 -> (artifact id: '2c121bc2b6e6b492d1e91091235514fa') in 0.031055 seconds
Number of updated asset objects reloaded before import = 0
Number of asset objects unloaded after import = 7
========================================================================
Received Import Request.
  Time since last request: 0.000023 seconds.
  path: Assets/Photon/PhotonUnityNetworking/link.xml
  artifactKey: Guid(cecd4a32eba31cd4393c185e20824bfc) Importer(2089858483,0ecaa5967403d082aa24f35e1b516d23)
Start importing Assets/Photon/PhotonUnityNetworking/link.xml using Guid(cecd4a32eba31cd4393c185e20824bfc) Importer(2089858483,0ecaa5967403d082aa24f35e1b516d23) [PhysX] Initialized MultithreadedTaskDispatcher with 12 workers.
 -> (artifact id: '7750160c36024a79211a047b83be3fde') in 0.025716 seconds
Number of updated asset objects reloaded before import = 0
Number of asset objects unloaded after import = 1
========================================================================
Received Import Request.
  Time since last request: 0.000026 seconds.
  path: Assets/Photon/PhotonLibs/changes-library.txt
  artifactKey: Guid(d8040d310df77714a90a561261bfb2cb) Importer(2089858483,0ecaa5967403d082aa24f35e1b516d23)
Start importing Assets/Photon/PhotonLibs/changes-library.txt using Guid(d8040d310df77714a90a561261bfb2cb) Importer(2089858483,0ecaa5967403d082aa24f35e1b516d23) [PhysX] Initialized MultithreadedTaskDispatcher with 12 workers.
 -> (artifact id: '06e629c2a27c159eda1857413f66b510') in 0.029447 seconds
Number of updated asset objects reloaded before import = 0
Number of asset objects unloaded after import = 1
========================================================================
Received Import Request.
  Time since last request: 0.000045 seconds.
  path: Assets/PlayFabSDK/Client/PlayFabClientModels.cs
  artifactKey: Guid(3a0a4ef9b600e6540b14561880293235) Importer(2089858483,0ecaa5967403d082aa24f35e1b516d23)
Start importing Assets/PlayFabSDK/Client/PlayFabClientModels.cs using Guid(3a0a4ef9b600e6540b14561880293235) Importer(2089858483,0ecaa5967403d082aa24f35e1b516d23) [PhysX] Initialized MultithreadedTaskDispatcher with 12 workers.
 -> (artifact id: 'f3c617c49b79f586ab766d8a88952939') in 0.025056 seconds
Number of updated asset objects reloaded before import = 0
Number of asset objects unloaded after import = 1
========================================================================
Received Import Request.
  Time since last request: 0.000031 seconds.
  path: Assets/Nature and Tank Model Pack/Prefabs/plant_009.prefab
  artifactKey: Guid(6a8b5f5b3a50c074d818f50548739374) Importer(2089858483,0ecaa5967403d082aa24f35e1b516d23)
Start importing Assets/Nature and Tank Model Pack/Prefabs/plant_009.prefab using Guid(6a8b5f5b3a50c074d818f50548739374) Importer(2089858483,0ecaa5967403d082aa24f35e1b516d23) [PhysX] Initialized MultithreadedTaskDispatcher with 12 workers.
 -> (artifact id: 'a2f791ff6ff061d0943fa520b61c4011') in 0.030305 seconds
Number of updated asset objects reloaded before import = 0
Number of asset objects unloaded after import = 7
========================================================================
Received Import Request.
  Time since last request: 0.000019 seconds.
  path: Assets/PlayFabSDK/Addon/PlayFabAddonAPI.cs
  artifactKey: Guid(16e6981cbc311934bab9111885dbfc1a) Importer(2089858483,0ecaa5967403d082aa24f35e1b516d23)
Start importing Assets/PlayFabSDK/Addon/PlayFabAddonAPI.cs using Guid(16e6981cbc311934bab9111885dbfc1a) Importer(2089858483,0ecaa5967403d082aa24f35e1b516d23) [PhysX] Initialized MultithreadedTaskDispatcher with 12 workers.
 -> (artifact id: 'b08673b9bd814898f559cc652d7afadf') in 0.019568 seconds
Number of updated asset objects reloaded before import = 0
Number of asset objects unloaded after import = 1
========================================================================
Received Import Request.
  Time since last request: 0.000036 seconds.
  path: Assets/PlayFabSDK/Matchmaker/PlayFabEvents.cs
  artifactKey: Guid(1055058934189914bac79666a289e9fd) Importer(2089858483,0ecaa5967403d082aa24f35e1b516d23)
Start importing Assets/PlayFabSDK/Matchmaker/PlayFabEvents.cs using Guid(1055058934189914bac79666a289e9fd) Importer(2089858483,0ecaa5967403d082aa24f35e1b516d23) [PhysX] Initialized MultithreadedTaskDispatcher with 12 workers.
 -> (artifact id: '39b586ae8603f249a630587d569c8a68') in 0.014128 seconds
Number of updated asset objects reloaded before import = 0
Number of asset objects unloaded after import = 1
========================================================================
Received Import Request.
  Time since last request: 0.000026 seconds.
  path: Assets/PlayFabSDK/Progression/PlayFabProgressionModels.cs
  artifactKey: Guid(98dd4b7b25d8a1c4481a206e643cb9e3) Importer(2089858483,0ecaa5967403d082aa24f35e1b516d23)
Start importing Assets/PlayFabSDK/Progression/PlayFabProgressionModels.cs using Guid(98dd4b7b25d8a1c4481a206e643cb9e3) Importer(2089858483,0ecaa5967403d082aa24f35e1b516d23) [PhysX] Initialized MultithreadedTaskDispatcher with 12 workers.
 -> (artifact id: 'a6d990c24cf5da1cefee1035f8c18b22') in 0.016044 seconds
Number of updated asset objects reloaded before import = 0
Number of asset objects unloaded after import = 1
========================================================================
Received Import Request.
  Time since last request: 0.000029 seconds.
  path: Assets/PlayFabSDK/Insights/PlayFabInsightsModels.cs
  artifactKey: Guid(0018df8cb03ec3a498320c2be74427e4) Importer(2089858483,0ecaa5967403d082aa24f35e1b516d23)
Start importing Assets/PlayFabSDK/Insights/PlayFabInsightsModels.cs using Guid(0018df8cb03ec3a498320c2be74427e4) Importer(2089858483,0ecaa5967403d082aa24f35e1b516d23) [PhysX] Initialized MultithreadedTaskDispatcher with 12 workers.
 -> (artifact id: '6b7355e3ebc5308dc24df2fc68815cff') in 0.017614 seconds
Number of updated asset objects reloaded before import = 0
Number of asset objects unloaded after import = 1
========================================================================
Received Import Request.
  Time since last request: 0.000468 seconds.
  path: Assets/PlayFabSDK/Server/PlayFabEvents.cs
  artifactKey: Guid(0d5076be1f923f141a2a5ea2a53a1385) Importer(2089858483,0ecaa5967403d082aa24f35e1b516d23)
Start importing Assets/PlayFabSDK/Server/PlayFabEvents.cs using Guid(0d5076be1f923f141a2a5ea2a53a1385) Importer(2089858483,0ecaa5967403d082aa24f35e1b516d23) [PhysX] Initialized MultithreadedTaskDispatcher with 12 workers.
 -> (artifact id: 'd8519894caaf5c5bc773e739ac7e88a5') in 0.016625 seconds
Number of updated asset objects reloaded before import = 0
Number of asset objects unloaded after import = 1
========================================================================
Received Import Request.
  Time since last request: 0.000033 seconds.
  path: Assets/TextMesh Pro/Shaders/TMPro_Mobile.cginc
  artifactKey: Guid(c334973cef89a9840b0b0c507e0377ab) Importer(2089858483,0ecaa5967403d082aa24f35e1b516d23)
Start importing Assets/TextMesh Pro/Shaders/TMPro_Mobile.cginc using Guid(c334973cef89a9840b0b0c507e0377ab) Importer(2089858483,0ecaa5967403d082aa24f35e1b516d23) [PhysX] Initialized MultithreadedTaskDispatcher with 12 workers.
 -> (artifact id: '70f5c0e436255984cf0b40bde9d647bc') in 0.026328 seconds
Number of updated asset objects reloaded before import = 0
Number of asset objects unloaded after import = 1
========================================================================
Received Import Request.
  Time since last request: 0.000022 seconds.
  path: Assets/PlayFabSDK/Profiles/PlayFabProfilesModels.cs
  artifactKey: Guid(d7cf1e15acb646e4eaf8ef5d951b1477) Importer(2089858483,0ecaa5967403d082aa24f35e1b516d23)
Start importing Assets/PlayFabSDK/Profiles/PlayFabProfilesModels.cs using Guid(d7cf1e15acb646e4eaf8ef5d951b1477) Importer(2089858483,0ecaa5967403d082aa24f35e1b516d23) [PhysX] Initialized MultithreadedTaskDispatcher with 12 workers.
 -> (artifact id: 'b5a2db2a48f278075979b553d8b793c2') in 0.020042 seconds
Number of updated asset objects reloaded before import = 0
Number of asset objects unloaded after import = 1
========================================================================
Received Import Request.
  Time since last request: 0.000029 seconds.
  path: Assets/PlayFabSDK/Data/PlayFabDataAPI.cs
  artifactKey: Guid(1cb3cb06f2399ca44ad3395fed658494) Importer(2089858483,0ecaa5967403d082aa24f35e1b516d23)
Start importing Assets/PlayFabSDK/Data/PlayFabDataAPI.cs using Guid(1cb3cb06f2399ca44ad3395fed658494) Importer(2089858483,0ecaa5967403d082aa24f35e1b516d23) [PhysX] Initialized MultithreadedTaskDispatcher with 12 workers.
 -> (artifact id: 'e67c3e08ceae95817bf3b0b6ba2fff79') in 0.020744 seconds
Number of updated asset objects reloaded before import = 0
Number of asset objects unloaded after import = 1
========================================================================
Received Import Request.
  Time since last request: 0.000029 seconds.
  path: Assets/PlayFabSDK/Localization/PlayFabEvents.cs
  artifactKey: Guid(1c3bd18b65a5d8d4eb83e5ef98114e4d) Importer(2089858483,0ecaa5967403d082aa24f35e1b516d23)
Start importing Assets/PlayFabSDK/Localization/PlayFabEvents.cs using Guid(1c3bd18b65a5d8d4eb83e5ef98114e4d) Importer(2089858483,0ecaa5967403d082aa24f35e1b516d23) [PhysX] Initialized MultithreadedTaskDispatcher with 12 workers.
 -> (artifact id: '35479dc284cf65caecdca4be62d3f19e') in 0.017546 seconds
Number of updated asset objects reloaded before import = 0
Number of asset objects unloaded after import = 1
========================================================================
Received Import Request.
  Time since last request: 0.000038 seconds.
  path: Assets/PlayFabSDK/Economy/PlayFabEconomyAPI.cs
  artifactKey: Guid(56036e5215ab72544b38afa65f5684e0) Importer(2089858483,0ecaa5967403d082aa24f35e1b516d23)
Start importing Assets/PlayFabSDK/Economy/PlayFabEconomyAPI.cs using Guid(56036e5215ab72544b38afa65f5684e0) Importer(2089858483,0ecaa5967403d082aa24f35e1b516d23) [PhysX] Initialized MultithreadedTaskDispatcher with 12 workers.
 -> (artifact id: 'e1633e2285ea16d5f031294f0a81b05a') in 0.021488 seconds
Number of updated asset objects reloaded before import = 0
Number of asset objects unloaded after import = 1
========================================================================
Received Import Request.
  Time since last request: 0.000032 seconds.
  path: Assets/PlayFabSDK/Events/PlayFabEventsAPI.cs
  artifactKey: Guid(6209aee5722aa2c46ba625e1944d6fa8) Importer(2089858483,0ecaa5967403d082aa24f35e1b516d23)
Start importing Assets/PlayFabSDK/Events/PlayFabEventsAPI.cs using Guid(6209aee5722aa2c46ba625e1944d6fa8) Importer(2089858483,0ecaa5967403d082aa24f35e1b516d23) [PhysX] Initialized MultithreadedTaskDispatcher with 12 workers.
 -> (artifact id: 'd70d3ebfb63dc17131cb07beba82ef1f') in 0.023251 seconds
Number of updated asset objects reloaded before import = 0
Number of asset objects unloaded after import = 1
========================================================================
Received Import Request.
  Time since last request: 0.000025 seconds.
  path: Assets/PlayFabSDK/Localization/PlayFabLocalizationModels.cs
  artifactKey: Guid(772d6350724839b498944cab1b377fb5) Importer(2089858483,0ecaa5967403d082aa24f35e1b516d23)
Start importing Assets/PlayFabSDK/Localization/PlayFabLocalizationModels.cs using Guid(772d6350724839b498944cab1b377fb5) Importer(2089858483,0ecaa5967403d082aa24f35e1b516d23) [PhysX] Initialized MultithreadedTaskDispatcher with 12 workers.
 -> (artifact id: 'ce4dfbfe9cf917e2e17a59da9f6cc2a3') in 0.019007 seconds
Number of updated asset objects reloaded before import = 0
Number of asset objects unloaded after import = 1
========================================================================
Received Import Request.
  Time since last request: 0.000024 seconds.
  path: Assets/PlayFabSDK/Progression/PlayFabProgressionInstanceAPI.cs
  artifactKey: Guid(9b633860fe71fc24dacbbfe3f943e227) Importer(2089858483,0ecaa5967403d082aa24f35e1b516d23)
Start importing Assets/PlayFabSDK/Progression/PlayFabProgressionInstanceAPI.cs using Guid(9b633860fe71fc24dacbbfe3f943e227) Importer(2089858483,0ecaa5967403d082aa24f35e1b516d23) [PhysX] Initialized MultithreadedTaskDispatcher with 12 workers.
 -> (artifact id: '3cecf8623f520264f00b38429824929c') in 0.019989 seconds
Number of updated asset objects reloaded before import = 0
Number of asset objects unloaded after import = 1
========================================================================
Received Import Request.
  Time since last request: 0.000025 seconds.
  path: Assets/PlayFabSDK/Server/PlayFabServerModels.cs
  artifactKey: Guid(85069115b99da8c4688d838452001d89) Importer(2089858483,0ecaa5967403d082aa24f35e1b516d23)
Start importing Assets/PlayFabSDK/Server/PlayFabServerModels.cs using Guid(85069115b99da8c4688d838452001d89) Importer(2089858483,0ecaa5967403d082aa24f35e1b516d23) [PhysX] Initialized MultithreadedTaskDispatcher with 12 workers.
 -> (artifact id: '3d739e0cf787ef526662f13909e079b9') in 0.018944 seconds
Number of updated asset objects reloaded before import = 0
Number of asset objects unloaded after import = 1
========================================================================
Received Import Request.
  Time since last request: 0.000024 seconds.
  path: Assets/TextMesh Pro/Fonts/LiberationSans.ttf
  artifactKey: Guid(e3265ab4bf004d28a9537516768c1c75) Importer(2089858483,0ecaa5967403d082aa24f35e1b516d23)
Start importing Assets/TextMesh Pro/Fonts/LiberationSans.ttf using Guid(e3265ab4bf004d28a9537516768c1c75) Importer(2089858483,0ecaa5967403d082aa24f35e1b516d23) [PhysX] Initialized MultithreadedTaskDispatcher with 12 workers.
 -> (artifact id: 'f022ef1f2366ace746588dd6a486305e') in 0.034759 seconds
Number of updated asset objects reloaded before import = 0
Number of asset objects unloaded after import = 3
========================================================================
Received Import Request.
  Time since last request: 0.000024 seconds.
  path: Assets/PlayFabSDK/Groups/PlayFabGroupsModels.cs
  artifactKey: Guid(d73f86b427d81044bb2417ea3b5b03ac) Importer(2089858483,0ecaa5967403d082aa24f35e1b516d23)
Start importing Assets/PlayFabSDK/Groups/PlayFabGroupsModels.cs using Guid(d73f86b427d81044bb2417ea3b5b03ac) Importer(2089858483,0ecaa5967403d082aa24f35e1b516d23) [PhysX] Initialized MultithreadedTaskDispatcher with 12 workers.
 -> (artifact id: '5222bacef0e37f83c98df8cb1c6c7113') in 0.020187 seconds
Number of updated asset objects reloaded before import = 0
Number of asset objects unloaded after import = 1
========================================================================
Received Import Request.
  Time since last request: 0.000032 seconds.
  path: Assets/PlayFabSDK/CloudScript/PlayFabCloudScriptInstanceAPI.cs
  artifactKey: Guid(ac313c777a2b7054e9632c96829e1f7d) Importer(2089858483,0ecaa5967403d082aa24f35e1b516d23)
Start importing Assets/PlayFabSDK/CloudScript/PlayFabCloudScriptInstanceAPI.cs using Guid(ac313c777a2b7054e9632c96829e1f7d) Importer(2089858483,0ecaa5967403d082aa24f35e1b516d23) [PhysX] Initialized MultithreadedTaskDispatcher with 12 workers.
 -> (artifact id: 'aa06b88edc621539c4b52ff325450c99') in 0.020070 seconds
Number of updated asset objects reloaded before import = 0
Number of asset objects unloaded after import = 1
========================================================================
Received Import Request.
  Time since last request: 0.000029 seconds.
  path: Assets/PlayFabSDK/Multiplayer/PlayFabMultiplayerModels.cs
  artifactKey: Guid(c9c53dd06e97f414cafc09e35d9f24aa) Importer(2089858483,0ecaa5967403d082aa24f35e1b516d23)
Start importing Assets/PlayFabSDK/Multiplayer/PlayFabMultiplayerModels.cs using Guid(c9c53dd06e97f414cafc09e35d9f24aa) Importer(2089858483,0ecaa5967403d082aa24f35e1b516d23) [PhysX] Initialized MultithreadedTaskDispatcher with 12 workers.
 -> (artifact id: '12ead1057f46424d8b385a4690d340e9') in 0.016993 seconds
Number of updated asset objects reloaded before import = 0
Number of asset objects unloaded after import = 1
========================================================================
Received Import Request.
  Time since last request: 0.000030 seconds.
  path: Assets/TextMesh Pro/Shaders/TMP_SDF SSD.shader
  artifactKey: Guid(14eb328de4b8eb245bb7cea29e4ac00b) Importer(2089858483,0ecaa5967403d082aa24f35e1b516d23)
Start importing Assets/TextMesh Pro/Shaders/TMP_SDF SSD.shader using Guid(14eb328de4b8eb245bb7cea29e4ac00b) Importer(2089858483,0ecaa5967403d082aa24f35e1b516d23) [PhysX] Initialized MultithreadedTaskDispatcher with 12 workers.
 -> (artifact id: '45faee69545d8f26e5e1c745832a8167') in 0.027975 seconds
Number of updated asset objects reloaded before import = 0
Number of asset objects unloaded after import = 1
========================================================================
Received Import Request.
  Time since last request: 0.000044 seconds.
  path: Assets/PlayFabSDK/Groups/PlayFabGroupsAPI.cs
  artifactKey: Guid(42170e999ab34f549ac03af203959176) Importer(2089858483,0ecaa5967403d082aa24f35e1b516d23)
Start importing Assets/PlayFabSDK/Groups/PlayFabGroupsAPI.cs using Guid(42170e999ab34f549ac03af203959176) Importer(2089858483,0ecaa5967403d082aa24f35e1b516d23) [PhysX] Initialized MultithreadedTaskDispatcher with 12 workers.
 -> (artifact id: 'a81351b5503ae7683ac761baaf394a61') in 0.019174 seconds
Number of updated asset objects reloaded before import = 0
Number of asset objects unloaded after import = 1
========================================================================
Received Import Request.
  Time since last request: 0.000027 seconds.
  path: Assets/PlayFabSDK/Client/PlayFabEvents.cs
  artifactKey: Guid(da33df462ae2fa04cb401398dc2b8a5d) Importer(2089858483,0ecaa5967403d082aa24f35e1b516d23)
Start importing Assets/PlayFabSDK/Client/PlayFabEvents.cs using Guid(da33df462ae2fa04cb401398dc2b8a5d) Importer(2089858483,0ecaa5967403d082aa24f35e1b516d23) [PhysX] Initialized MultithreadedTaskDispatcher with 12 workers.
 -> (artifact id: '50ddc18f4755962f7f6ef0ac6a109c80') in 0.020391 seconds
Number of updated asset objects reloaded before import = 0
Number of asset objects unloaded after import = 1
========================================================================
Received Import Request.
  Time since last request: 0.000025 seconds.
  path: Assets/PlayFabSDK/Localization/PlayFabLocalizationAPI.cs
  artifactKey: Guid(ca10b96ef3ce52644a989907c77d047f) Importer(2089858483,0ecaa5967403d082aa24f35e1b516d23)
Start importing Assets/PlayFabSDK/Localization/PlayFabLocalizationAPI.cs using Guid(ca10b96ef3ce52644a989907c77d047f) Importer(2089858483,0ecaa5967403d082aa24f35e1b516d23) [PhysX] Initialized MultithreadedTaskDispatcher with 12 workers.
 -> (artifact id: '217aa42f930986e8917d29d6da3c23c5') in 0.017725 seconds
Number of updated asset objects reloaded before import = 0
Number of asset objects unloaded after import = 1
========================================================================
Received Import Request.
  Time since last request: 0.000023 seconds.
  path: Assets/TextMesh Pro/Shaders/TMP_Bitmap-Mobile.shader
  artifactKey: Guid(1e3b057af24249748ff873be7fafee47) Importer(2089858483,0ecaa5967403d082aa24f35e1b516d23)
Start importing Assets/TextMesh Pro/Shaders/TMP_Bitmap-Mobile.shader using Guid(1e3b057af24249748ff873be7fafee47) Importer(2089858483,0ecaa5967403d082aa24f35e1b516d23) [PhysX] Initialized MultithreadedTaskDispatcher with 12 workers.
 -> (artifact id: '5f90d7b52d3fdea754055470e87f0204') in 0.015376 seconds
Number of updated asset objects reloaded before import = 0
Number of asset objects unloaded after import = 1
========================================================================
Received Import Request.
  Time since last request: 0.000026 seconds.
  path: Assets/Nature and Tank Model Pack/Models/tree_003.fbx
  artifactKey: Guid(a27b0c6a67be5e347932a4268bb2525a) Importer(2089858483,0ecaa5967403d082aa24f35e1b516d23)
Start importing Assets/Nature and Tank Model Pack/Models/tree_003.fbx using Guid(a27b0c6a67be5e347932a4268bb2525a) Importer(2089858483,0ecaa5967403d082aa24f35e1b516d23) [PhysX] Initialized MultithreadedTaskDispatcher with 12 workers.
 -> (artifact id: 'c2a800c524006fb378a4a261d2358050') in 0.029965 seconds
Number of updated asset objects reloaded before import = 0
Number of asset objects unloaded after import = 9
========================================================================
Received Import Request.
  Time since last request: 0.000031 seconds.
  path: Assets/Nature and Tank Model Pack/Prefabs/rock.prefab
  artifactKey: Guid(dff791d4d13b97242b9503ff1695203b) Importer(2089858483,0ecaa5967403d082aa24f35e1b516d23)
Start importing Assets/Nature and Tank Model Pack/Prefabs/rock.prefab using Guid(dff791d4d13b97242b9503ff1695203b) Importer(2089858483,0ecaa5967403d082aa24f35e1b516d23) [PhysX] Initialized MultithreadedTaskDispatcher with 12 workers.
 -> (artifact id: 'e0881533b00500db9c8b9c3d5efe5fc8') in 0.028564 seconds
Number of updated asset objects reloaded before import = 0
Number of asset objects unloaded after import = 7
========================================================================
Received Import Request.
  Time since last request: 0.000023 seconds.
  path: Assets/Nature and Tank Model Pack/Prefabs/wall_001.prefab
  artifactKey: Guid(0c1fca4fa0ac6474da2abc8ba361fe94) Importer(2089858483,0ecaa5967403d082aa24f35e1b516d23)
Start importing Assets/Nature and Tank Model Pack/Prefabs/wall_001.prefab using Guid(0c1fca4fa0ac6474da2abc8ba361fe94) Importer(2089858483,0ecaa5967403d082aa24f35e1b516d23) [PhysX] Initialized MultithreadedTaskDispatcher with 12 workers.
 -> (artifact id: '47d93dedda0779eaa63cd473bef1ab87') in 0.034973 seconds
Number of updated asset objects reloaded before import = 0
Number of asset objects unloaded after import = 7
========================================================================
Received Import Request.
  Time since last request: 0.000024 seconds.
  path: Assets/TextMesh Pro/Shaders/TMPro_Properties.cginc
  artifactKey: Guid(3997e2241185407d80309a82f9148466) Importer(2089858483,0ecaa5967403d082aa24f35e1b516d23)
Start importing Assets/TextMesh Pro/Shaders/TMPro_Properties.cginc using Guid(3997e2241185407d80309a82f9148466) Importer(2089858483,0ecaa5967403d082aa24f35e1b516d23) [PhysX] Initialized MultithreadedTaskDispatcher with 12 workers.
 -> (artifact id: '5cba411431d7acdfe14b25069fa0b51d') in 0.028436 seconds
Number of updated asset objects reloaded before import = 0
Number of asset objects unloaded after import = 1
========================================================================
Received Import Request.
  Time since last request: 0.000031 seconds.
  path: Assets/Nature and Tank Model Pack/Models/plant_014.fbx
  artifactKey: Guid(54557db7366a5004f99804f2a8c81da4) Importer(2089858483,0ecaa5967403d082aa24f35e1b516d23)
Start importing Assets/Nature and Tank Model Pack/Models/plant_014.fbx using Guid(54557db7366a5004f99804f2a8c81da4) Importer(2089858483,0ecaa5967403d082aa24f35e1b516d23) [PhysX] Initialized MultithreadedTaskDispatcher with 12 workers.
 -> (artifact id: 'dac833b897a5a2576f6d17c403aa34e6') in 0.030715 seconds
Number of updated asset objects reloaded before import = 0
Number of asset objects unloaded after import = 9
========================================================================
Received Import Request.
  Time since last request: 0.000044 seconds.
  path: Assets/Nature and Tank Model Pack/Prefabs/cliff_004.prefab
  artifactKey: Guid(061a05c3c1453e34b9e0c0c6aaefa379) Importer(2089858483,0ecaa5967403d082aa24f35e1b516d23)
Start importing Assets/Nature and Tank Model Pack/Prefabs/cliff_004.prefab using Guid(061a05c3c1453e34b9e0c0c6aaefa379) Importer(2089858483,0ecaa5967403d082aa24f35e1b516d23) [PhysX] Initialized MultithreadedTaskDispatcher with 12 workers.
 -> (artifact id: '4fae1a62c2147be49df556ea82234a57') in 0.032869 seconds
Number of updated asset objects reloaded before import = 0
Number of asset objects unloaded after import = 7
========================================================================
Received Import Request.
  Time since last request: 0.000027 seconds.
  path: Assets/Nature and Tank Model Pack/Prefabs/tank-body.prefab
  artifactKey: Guid(42ffa74f54a3b5f469196958719230b9) Importer(2089858483,0ecaa5967403d082aa24f35e1b516d23)
Start importing Assets/Nature and Tank Model Pack/Prefabs/tank-body.prefab using Guid(42ffa74f54a3b5f469196958719230b9) Importer(2089858483,0ecaa5967403d082aa24f35e1b516d23) [PhysX] Initialized MultithreadedTaskDispatcher with 12 workers.
 -> (artifact id: '5136cee8ac323d64c9881f193baf3dee') in 0.038302 seconds
Number of updated asset objects reloaded before import = 0
Number of asset objects unloaded after import = 12
========================================================================
Received Import Request.
  Time since last request: 0.000026 seconds.
  path: Assets/Photon/PhotonUnityNetworking/Code/PhotonView.cs
  artifactKey: Guid(aa584fbee541324448dd18d8409c7a41) Importer(2089858483,0ecaa5967403d082aa24f35e1b516d23)
Start importing Assets/Photon/PhotonUnityNetworking/Code/PhotonView.cs using Guid(aa584fbee541324448dd18d8409c7a41) Importer(2089858483,0ecaa5967403d082aa24f35e1b516d23) [PhysX] Initialized MultithreadedTaskDispatcher with 12 workers.
 -> (artifact id: '63bb1eb468b635a208c68809fdea8927') in 0.020368 seconds
Number of updated asset objects reloaded before import = 0
Number of asset objects unloaded after import = 1
========================================================================
Received Import Request.
  Time since last request: 0.000027 seconds.
  path: Assets/PlayFabSDK/Shared/Editor/PlayFablogo.png
  artifactKey: Guid(ec8f5065b10fb4f04bebf82a992c442e) Importer(2089858483,0ecaa5967403d082aa24f35e1b516d23)
Start importing Assets/PlayFabSDK/Shared/Editor/PlayFablogo.png using Guid(ec8f5065b10fb4f04bebf82a992c442e) Importer(2089858483,0ecaa5967403d082aa24f35e1b516d23) [PhysX] Initialized MultithreadedTaskDispatcher with 12 workers.
 -> (artifact id: '299b738f3e24671d0be9a315ace7c18d') in 0.043652 seconds
Number of updated asset objects reloaded before import = 0
Number of asset objects unloaded after import = 3
========================================================================
Received Import Request.
  Time since last request: 0.000028 seconds.
  path: Assets/Photon/PhotonRealtime/Code/PhotonPingClasses.cs
  artifactKey: Guid(d93148764d7961d4a8b8112bd166cf35) Importer(2089858483,0ecaa5967403d082aa24f35e1b516d23)
Start importing Assets/Photon/PhotonRealtime/Code/PhotonPingClasses.cs using Guid(d93148764d7961d4a8b8112bd166cf35) Importer(2089858483,0ecaa5967403d082aa24f35e1b516d23) [PhysX] Initialized MultithreadedTaskDispatcher with 12 workers.
 -> (artifact id: '68eb666dcf98ef3094fa302fdc63ce93') in 0.017024 seconds
Number of updated asset objects reloaded before import = 0
Number of asset objects unloaded after import = 1
========================================================================
Received Import Request.
  Time since last request: 0.000028 seconds.
  path: Assets/PlayFabSDK/Shared/Editor/PlayFabHelp.cs
  artifactKey: Guid(e51e733dabbc847fa839b19c01bc577c) Importer(2089858483,0ecaa5967403d082aa24f35e1b516d23)
Start importing Assets/PlayFabSDK/Shared/Editor/PlayFabHelp.cs using Guid(e51e733dabbc847fa839b19c01bc577c) Importer(2089858483,0ecaa5967403d082aa24f35e1b516d23) [PhysX] Initialized MultithreadedTaskDispatcher with 12 workers.
 -> (artifact id: 'bb294c1a293f7836fd541cc947c8d2be') in 0.017747 seconds
Number of updated asset objects reloaded before import = 0
Number of asset objects unloaded after import = 1
========================================================================
Received Import Request.
  Time since last request: 0.000031 seconds.
  path: Assets/Photon/PhotonLibs/Metro/Photon3Unity3D.pri
  artifactKey: Guid(3439a9e4030efca45b6cc06240106c02) Importer(2089858483,0ecaa5967403d082aa24f35e1b516d23)
Start importing Assets/Photon/PhotonLibs/Metro/Photon3Unity3D.pri using Guid(3439a9e4030efca45b6cc06240106c02) Importer(2089858483,0ecaa5967403d082aa24f35e1b516d23) [PhysX] Initialized MultithreadedTaskDispatcher with 12 workers.
 -> (artifact id: '779f486879180cbd3ec9cebe4181e994') in 0.015507 seconds
Number of updated asset objects reloaded before import = 0
Number of asset objects unloaded after import = 1
========================================================================
Received Import Request.
  Time since last request: 0.000023 seconds.
  path: Assets/TextMesh Pro/Sprites/EmojiOne.png
  artifactKey: Guid(dffef66376be4fa480fb02b19edbe903) Importer(2089858483,0ecaa5967403d082aa24f35e1b516d23)
Start importing Assets/TextMesh Pro/Sprites/EmojiOne.png using Guid(dffef66376be4fa480fb02b19edbe903) Importer(2089858483,0ecaa5967403d082aa24f35e1b516d23) [PhysX] Initialized MultithreadedTaskDispatcher with 12 workers.
 -> (artifact id: 'ee6434362d9237c96a8ba1642b7ff803') in 0.030285 seconds
Number of updated asset objects reloaded before import = 0
Number of asset objects unloaded after import = 1
========================================================================
Received Import Request.
  Time since last request: 0.000023 seconds.
  path: Assets/Photon/PhotonChat/Code/ChannelCreationOptions.cs
  artifactKey: Guid(6c1aa0fceaa2bc14eabdf85976f4e2c8) Importer(2089858483,0ecaa5967403d082aa24f35e1b516d23)
Start importing Assets/Photon/PhotonChat/Code/ChannelCreationOptions.cs using Guid(6c1aa0fceaa2bc14eabdf85976f4e2c8) Importer(2089858483,0ecaa5967403d082aa24f35e1b516d23) [PhysX] Initialized MultithreadedTaskDispatcher with 12 workers.
 -> (artifact id: 'caa9ae3e08011a1186be3116e1629653') in 0.019263 seconds
Number of updated asset objects reloaded before import = 0
Number of asset objects unloaded after import = 1
========================================================================
Received Import Request.
  Time since last request: 0.000034 seconds.
  path: Assets/Photon/PhotonUnityNetworking/Icons/PunIconApp128.png
  artifactKey: Guid(f00feafcf0675cd47a48f83ae42b06d4) Importer(2089858483,0ecaa5967403d082aa24f35e1b516d23)
Start importing Assets/Photon/PhotonUnityNetworking/Icons/PunIconApp128.png using Guid(f00feafcf0675cd47a48f83ae42b06d4) Importer(2089858483,0ecaa5967403d082aa24f35e1b516d23) [PhysX] Initialized MultithreadedTaskDispatcher with 12 workers.
 -> (artifact id: '11bc2b9aeb6de96f397b9d602d30346d') in 0.038251 seconds
Number of updated asset objects reloaded before import = 0
Number of asset objects unloaded after import = 3
========================================================================
Received Import Request.
  Time since last request: 0.000021 seconds.
  path: Assets/Photon/PhotonUnityNetworking/Code/PhotonUnityNetworking.asmdef
  artifactKey: Guid(57c32fc907df0f54e8e6e8f0d2488336) Importer(2089858483,0ecaa5967403d082aa24f35e1b516d23)
Start importing Assets/Photon/PhotonUnityNetworking/Code/PhotonUnityNetworking.asmdef using Guid(57c32fc907df0f54e8e6e8f0d2488336) Importer(2089858483,0ecaa5967403d082aa24f35e1b516d23) [PhysX] Initialized MultithreadedTaskDispatcher with 12 workers.
 -> (artifact id: '6a22bc5e1a2c0aab80d796a5e0974595') in 0.026646 seconds
Number of updated asset objects reloaded before import = 0
Number of asset objects unloaded after import = 1
========================================================================
Received Import Request.
  Time since last request: 0.000027 seconds.
  path: Assets/Photon/PhotonChat/Code/changes-chat.txt
  artifactKey: Guid(e5c3dda6f11fe7845989297c8a603dc2) Importer(2089858483,0ecaa5967403d082aa24f35e1b516d23)
Start importing Assets/Photon/PhotonChat/Code/changes-chat.txt using Guid(e5c3dda6f11fe7845989297c8a603dc2) Importer(2089858483,0ecaa5967403d082aa24f35e1b516d23) [PhysX] Initialized MultithreadedTaskDispatcher with 12 workers.
 -> (artifact id: '2ea48154856f5df395bfca5c1642b2ce') in 0.025516 seconds
Number of updated asset objects reloaded before import = 0
Number of asset objects unloaded after import = 1
========================================================================
Received Import Request.
  Time since last request: 0.000030 seconds.
  path: Assets/TextMesh Pro/Shaders/TMP_Sprite.shader
  artifactKey: Guid(cf81c85f95fe47e1a27f6ae460cf182c) Importer(2089858483,0ecaa5967403d082aa24f35e1b516d23)
Start importing Assets/TextMesh Pro/Shaders/TMP_Sprite.shader using Guid(cf81c85f95fe47e1a27f6ae460cf182c) Importer(2089858483,0ecaa5967403d082aa24f35e1b516d23) [PhysX] Initialized MultithreadedTaskDispatcher with 12 workers.
 -> (artifact id: '4ff5357c1d88dac4cc660de09d0a6ad8') in 0.017777 seconds
Number of updated asset objects reloaded before import = 0
Number of asset objects unloaded after import = 1
========================================================================
Received Import Request.
  Time since last request: 0.000030 seconds.
  path: Assets/Photon/PhotonRealtime/Code/Room.cs
  artifactKey: Guid(17568a7a5552c09428dd48e73548b8b8) Importer(2089858483,0ecaa5967403d082aa24f35e1b516d23)
Start importing Assets/Photon/PhotonRealtime/Code/Room.cs using Guid(17568a7a5552c09428dd48e73548b8b8) Importer(2089858483,0ecaa5967403d082aa24f35e1b516d23) [PhysX] Initialized MultithreadedTaskDispatcher with 12 workers.
 -> (artifact id: '7583d515d0884301c026fd10f5fbba0a') in 0.016427 seconds
Number of updated asset objects reloaded before import = 0
Number of asset objects unloaded after import = 1
========================================================================
Received Import Request.
  Time since last request: 0.000032 seconds.
  path: Assets/Photon/PhotonChat/Code/ChatState.cs
  artifactKey: Guid(8f482d8c4fe7ade4cbb08eb4a2d83b39) Importer(2089858483,0ecaa5967403d082aa24f35e1b516d23)
Start importing Assets/Photon/PhotonChat/Code/ChatState.cs using Guid(8f482d8c4fe7ade4cbb08eb4a2d83b39) Importer(2089858483,0ecaa5967403d082aa24f35e1b516d23) [PhysX] Initialized MultithreadedTaskDispatcher with 12 workers.
 -> (artifact id: 'fed3df17ead7f3e034a6e6a26e986019') in 0.016636 seconds
Number of updated asset objects reloaded before import = 0
Number of asset objects unloaded after import = 1
========================================================================
Received Import Request.
  Time since last request: 0.000028 seconds.
  path: Assets/Photon/PhotonRealtime/Code/Extensions.cs
  artifactKey: Guid(3c0464991e33a70498abdd85c150cc59) Importer(2089858483,0ecaa5967403d082aa24f35e1b516d23)
Start importing Assets/Photon/PhotonRealtime/Code/Extensions.cs using Guid(3c0464991e33a70498abdd85c150cc59) Importer(2089858483,0ecaa5967403d082aa24f35e1b516d23) [PhysX] Initialized MultithreadedTaskDispatcher with 12 workers.
 -> (artifact id: '16b953f3328d8e07dfddcdf56844cb2c') in 0.018005 seconds
Number of updated asset objects reloaded before import = 0
Number of asset objects unloaded after import = 1
========================================================================
Received Import Request.
  Time since last request: 0.000028 seconds.
  path: Assets/TextMesh Pro/Shaders/TMP_SDF-Mobile.shader
  artifactKey: Guid(fe393ace9b354375a9cb14cdbbc28be4) Importer(2089858483,0ecaa5967403d082aa24f35e1b516d23)
Start importing Assets/TextMesh Pro/Shaders/TMP_SDF-Mobile.shader using Guid(fe393ace9b354375a9cb14cdbbc28be4) Importer(2089858483,0ecaa5967403d082aa24f35e1b516d23) [PhysX] Initialized MultithreadedTaskDispatcher with 12 workers.
 -> (artifact id: '3d8f8bc4f1d0e2e101ed0f0b97c1a8f4') in 0.016847 seconds
Number of updated asset objects reloaded before import = 0
Number of asset objects unloaded after import = 1
========================================================================
Received Import Request.
  Time since last request: 0.000030 seconds.
  path: Assets/Photon/PhotonUnityNetworking/Demos/PhotonUnityNetworking.Demos.asmdef
  artifactKey: Guid(35cc2632df2760540bcc67312740008b) Importer(2089858483,0ecaa5967403d082aa24f35e1b516d23)
Start importing Assets/Photon/PhotonUnityNetworking/Demos/PhotonUnityNetworking.Demos.asmdef using Guid(35cc2632df2760540bcc67312740008b) Importer(2089858483,0ecaa5967403d082aa24f35e1b516d23) [PhysX] Initialized MultithreadedTaskDispatcher with 12 workers.
 -> (artifact id: 'bc783f8e2e33e8c4611b0defef54ec7b') in 0.026005 seconds
Number of updated asset objects reloaded before import = 0
Number of asset objects unloaded after import = 1
========================================================================
Received Import Request.
  Time since last request: 0.000029 seconds.
  path: Assets/Photon/PhotonUnityNetworking/Icons/PunIconApp512.png
  artifactKey: Guid(7377013011b4c3348809ff574abe799e) Importer(2089858483,0ecaa5967403d082aa24f35e1b516d23)
Start importing Assets/Photon/PhotonUnityNetworking/Icons/PunIconApp512.png using Guid(7377013011b4c3348809ff574abe799e) Importer(2089858483,0ecaa5967403d082aa24f35e1b516d23) [PhysX] Initialized MultithreadedTaskDispatcher with 12 workers.
 -> (artifact id: '8ffc1322d2d92887c732edaf393b5e7a') in 0.035067 seconds
Number of updated asset objects reloaded before import = 0
Number of asset objects unloaded after import = 3
========================================================================
Received Import Request.
  Time since last request: 0.000040 seconds.
  path: Assets/Photon/PhotonUnityNetworking/UtilityScripts/PhotonUnityNetworking.Utilities.asmdef
  artifactKey: Guid(a738238285a7a8246af046cbf977522f) Importer(2089858483,0ecaa5967403d082aa24f35e1b516d23)
Start importing Assets/Photon/PhotonUnityNetworking/UtilityScripts/PhotonUnityNetworking.Utilities.asmdef using Guid(a738238285a7a8246af046cbf977522f) Importer(2089858483,0ecaa5967403d082aa24f35e1b516d23) [PhysX] Initialized MultithreadedTaskDispatcher with 12 workers.
 -> (artifact id: '4d1537a07e1ebd4785bba0d546bbba23') in 0.027735 seconds
Number of updated asset objects reloaded before import = 0
Number of asset objects unloaded after import = 1
========================================================================
Received Import Request.
  Time since last request: 0.000023 seconds.
  path: Assets/Photon/PhotonRealtime/Code/Player.cs
  artifactKey: Guid(e3e4b5bebc687044b9c6c2803c36be3d) Importer(2089858483,0ecaa5967403d082aa24f35e1b516d23)
Start importing Assets/Photon/PhotonRealtime/Code/Player.cs using Guid(e3e4b5bebc687044b9c6c2803c36be3d) Importer(2089858483,0ecaa5967403d082aa24f35e1b516d23) [PhysX] Initialized MultithreadedTaskDispatcher with 12 workers.
 -> (artifact id: '9fb146d02fb51746bcf37fd5871346e8') in 0.018475 seconds
Number of updated asset objects reloaded before import = 0
Number of asset objects unloaded after import = 1
========================================================================
Received Import Request.
  Time since last request: 0.000026 seconds.
  path: Assets/Photon/PhotonLibs/WebSocket/PhotonWebSocket.asmdef
  artifactKey: Guid(a10ff188cbfd201409863c062b118e1d) Importer(2089858483,0ecaa5967403d082aa24f35e1b516d23)
Start importing Assets/Photon/PhotonLibs/WebSocket/PhotonWebSocket.asmdef using Guid(a10ff188cbfd201409863c062b118e1d) Importer(2089858483,0ecaa5967403d082aa24f35e1b516d23) [PhysX] Initialized MultithreadedTaskDispatcher with 12 workers.
 -> (artifact id: '270d88b4b3c306072050bd05a154b1d5') in 0.026595 seconds
Number of updated asset objects reloaded before import = 0
Number of asset objects unloaded after import = 1
========================================================================
Received Import Request.
  Time since last request: 0.000024 seconds.
  path: Assets/Photon/PhotonChat/Code/ChatUserStatus.cs
  artifactKey: Guid(7db67e7f5face2e42b6daafcaf4e6c82) Importer(2089858483,0ecaa5967403d082aa24f35e1b516d23)
Start importing Assets/Photon/PhotonChat/Code/ChatUserStatus.cs using Guid(7db67e7f5face2e42b6daafcaf4e6c82) Importer(2089858483,0ecaa5967403d082aa24f35e1b516d23) [PhysX] Initialized MultithreadedTaskDispatcher with 12 workers.
 -> (artifact id: '57198dd194e72c1b17d03cc42526ad22') in 0.016127 seconds
Number of updated asset objects reloaded before import = 0
Number of asset objects unloaded after import = 1
========================================================================
Received Import Request.
  Time since last request: 0.000027 seconds.
  path: Assets/Photon/PhotonChat/Code/PhotonChat.asmdef
  artifactKey: Guid(08a110bd598f7604f9519c2d7e1fb3cc) Importer(2089858483,0ecaa5967403d082aa24f35e1b516d23)
Start importing Assets/Photon/PhotonChat/Code/PhotonChat.asmdef using Guid(08a110bd598f7604f9519c2d7e1fb3cc) Importer(2089858483,0ecaa5967403d082aa24f35e1b516d23) [PhysX] Initialized MultithreadedTaskDispatcher with 12 workers.
 -> (artifact id: 'fa95b0da98e3df5a146ee4149919f86c') in 0.025438 seconds
Number of updated asset objects reloaded before import = 0
Number of asset objects unloaded after import = 1
========================================================================
Received Import Request.
  Time since last request: 0.000022 seconds.
  path: Assets/PlayFabSDK/Shared/Internal/SimpleJson.cs
  artifactKey: Guid(bce6184794650f24fa8ac244b25edc17) Importer(2089858483,0ecaa5967403d082aa24f35e1b516d23)
Start importing Assets/PlayFabSDK/Shared/Internal/SimpleJson.cs using Guid(bce6184794650f24fa8ac244b25edc17) Importer(2089858483,0ecaa5967403d082aa24f35e1b516d23) [PhysX] Initialized MultithreadedTaskDispatcher with 12 workers.
 -> (artifact id: '2867b8035e2319e7abf606f57c61e669') in 0.019241 seconds
Number of updated asset objects reloaded before import = 0
Number of asset objects unloaded after import = 1
========================================================================
Received Import Request.
  Time since last request: 0.000027 seconds.
  path: Assets/Photon/PhotonChat/Code/ChatClient.cs
  artifactKey: Guid(692e391fa2a297c45b3d530aa85be610) Importer(2089858483,0ecaa5967403d082aa24f35e1b516d23)
Start importing Assets/Photon/PhotonChat/Code/ChatClient.cs using Guid(692e391fa2a297c45b3d530aa85be610) Importer(2089858483,0ecaa5967403d082aa24f35e1b516d23) [PhysX] Initialized MultithreadedTaskDispatcher with 12 workers.
 -> (artifact id: '2b72b43e02803d7538ab1c2c4423e575') in 0.017477 seconds
Number of updated asset objects reloaded before import = 0
Number of asset objects unloaded after import = 1
========================================================================
Received Import Request.
  Time since last request: 0.000024 seconds.
  path: Assets/PlayFabSDK/Shared/Editor/PlayFabSdkEditor.asmdef
  artifactKey: Guid(8aa8a8085039f0e4ba1c8d6480d45262) Importer(2089858483,0ecaa5967403d082aa24f35e1b516d23)
Start importing Assets/PlayFabSDK/Shared/Editor/PlayFabSdkEditor.asmdef using Guid(8aa8a8085039f0e4ba1c8d6480d45262) Importer(2089858483,0ecaa5967403d082aa24f35e1b516d23) [PhysX] Initialized MultithreadedTaskDispatcher with 12 workers.
 -> (artifact id: '7a6721103c31f49a8abd4497f9100725') in 0.025699 seconds
Number of updated asset objects reloaded before import = 0
Number of asset objects unloaded after import = 1
========================================================================
Received Import Request.
  Time since last request: 0.000022 seconds.
  path: Assets/Photon/PhotonUnityNetworking/Code/PunClasses.cs
  artifactKey: Guid(f40f16a0227e5c14293e269c875c0f9b) Importer(2089858483,0ecaa5967403d082aa24f35e1b516d23)
Start importing Assets/Photon/PhotonUnityNetworking/Code/PunClasses.cs using Guid(f40f16a0227e5c14293e269c875c0f9b) Importer(2089858483,0ecaa5967403d082aa24f35e1b516d23) [PhysX] Initialized MultithreadedTaskDispatcher with 12 workers.
 -> (artifact id: '19b8104921304f0eaebf845c25165859') in 0.020997 seconds
Number of updated asset objects reloaded before import = 0
Number of asset objects unloaded after import = 1
========================================================================
Received Import Request.
  Time since last request: 0.000033 seconds.
  path: Assets/Nature and Tank Model Pack/Prefabs/rock_001.prefab
  artifactKey: Guid(1ab882823bdd368449dd01c41aed00c7) Importer(2089858483,0ecaa5967403d082aa24f35e1b516d23)
Start importing Assets/Nature and Tank Model Pack/Prefabs/rock_001.prefab using Guid(1ab882823bdd368449dd01c41aed00c7) Importer(2089858483,0ecaa5967403d082aa24f35e1b516d23) [PhysX] Initialized MultithreadedTaskDispatcher with 12 workers.
 -> (artifact id: '2cb5f41ce3616bc81619abe68b081905') in 0.031296 seconds
Number of updated asset objects reloaded before import = 0
Number of asset objects unloaded after import = 7
========================================================================
Received Import Request.
  Time since last request: 0.000032 seconds.
  path: Assets/TextMesh Pro/Examples & Extras/Scripts/SkewTextExample.cs
  artifactKey: Guid(d412675cfb3441efa3bf8dcd9b7624dc) Importer(2089858483,0ecaa5967403d082aa24f35e1b516d23)
Start importing Assets/TextMesh Pro/Examples & Extras/Scripts/SkewTextExample.cs using Guid(d412675cfb3441efa3bf8dcd9b7624dc) Importer(2089858483,0ecaa5967403d082aa24f35e1b516d23) [PhysX] Initialized MultithreadedTaskDispatcher with 12 workers.
 -> (artifact id: '8320cff74d1c1faaba8638def4e1f1a0') in 0.018286 seconds
Number of updated asset objects reloaded before import = 0
Number of asset objects unloaded after import = 1
========================================================================
Received Import Request.
  Time since last request: 0.000030 seconds.
  path: Assets/TextMesh Pro/Examples & Extras/Scenes/12a - Text Interactions.unity
  artifactKey: Guid(08572ab7713642c8a60789750f0bce5c) Importer(2089858483,0ecaa5967403d082aa24f35e1b516d23)
Start importing Assets/TextMesh Pro/Examples & Extras/Scenes/12a - Text Interactions.unity using Guid(08572ab7713642c8a60789750f0bce5c) Importer(2089858483,0ecaa5967403d082aa24f35e1b516d23) [PhysX] Initialized MultithreadedTaskDispatcher with 12 workers.
 -> (artifact id: '96502cdd53f686fa38c19b5ea7b5c8ac') in 0.016711 seconds
Number of updated asset objects reloaded before import = 0
Number of asset objects unloaded after import = 1
========================================================================
Received Import Request.
  Time since last request: 0.000026 seconds.
  path: Assets/TextMesh Pro/Examples & Extras/Prefabs/TextMeshPro - Prefab 1.prefab
  artifactKey: Guid(a6e39ced0ea046bcb636c3f0b2e2a745) Importer(2089858483,0ecaa5967403d082aa24f35e1b516d23)
Start importing Assets/TextMesh Pro/Examples & Extras/Prefabs/TextMeshPro - Prefab 1.prefab using Guid(a6e39ced0ea046bcb636c3f0b2e2a745) Importer(2089858483,0ecaa5967403d082aa24f35e1b516d23) [PhysX] Initialized MultithreadedTaskDispatcher with 12 workers.
 -> (artifact id: '1bf21761d7ce14a3d6b45c656c8e8b9d') in 0.134297 seconds
Number of updated asset objects reloaded before import = 0
Number of asset objects unloaded after import = 16
========================================================================
Received Import Request.
  Time since last request: 0.000028 seconds.
  path: Assets/TextMesh Pro/Examples & Extras/Scripts/TMP_ExampleScript_01.cs
  artifactKey: Guid(6f2c5b59b6874405865e2616e4ec276a) Importer(2089858483,0ecaa5967403d082aa24f35e1b516d23)
Start importing Assets/TextMesh Pro/Examples & Extras/Scripts/TMP_ExampleScript_01.cs using Guid(6f2c5b59b6874405865e2616e4ec276a) Importer(2089858483,0ecaa5967403d082aa24f35e1b516d23) [PhysX] Initialized MultithreadedTaskDispatcher with 12 workers.
 -> (artifact id: '17a91f8ca2ce291a721a80be89a4975d') in 0.020466 seconds
Number of updated asset objects reloaded before import = 0
Number of asset objects unloaded after import = 1
========================================================================
Received Import Request.
  Time since last request: 0.000033 seconds.
  path: Assets/TextMesh Pro/Examples & Extras/Scenes/13 - Soft Hyphenation.unity
  artifactKey: Guid(875684baf40f4d008ce806d03e2a81b2) Importer(2089858483,0ecaa5967403d082aa24f35e1b516d23)
Start importing Assets/TextMesh Pro/Examples & Extras/Scenes/13 - Soft Hyphenation.unity using Guid(875684baf40f4d008ce806d03e2a81b2) Importer(2089858483,0ecaa5967403d082aa24f35e1b516d23) [PhysX] Initialized MultithreadedTaskDispatcher with 12 workers.
 -> (artifact id: '274503e1487bc38fb7187af55545804a') in 0.014086 seconds
Number of updated asset objects reloaded before import = 0
Number of asset objects unloaded after import = 1
========================================================================
Received Import Request.
  Time since last request: 0.000028 seconds.
  path: Assets/PlayFabSDK/Shared/Models/PlayFabSharedSettings.cs
  artifactKey: Guid(093286084a3d1994a9c28281a1c38b1d) Importer(2089858483,0ecaa5967403d082aa24f35e1b516d23)
Start importing Assets/PlayFabSDK/Shared/Models/PlayFabSharedSettings.cs using Guid(093286084a3d1994a9c28281a1c38b1d) Importer(2089858483,0ecaa5967403d082aa24f35e1b516d23) [PhysX] Initialized MultithreadedTaskDispatcher with 12 workers.
 -> (artifact id: '78131117fb5b69f6746301d484092abd') in 0.016794 seconds
Number of updated asset objects reloaded before import = 0
Number of asset objects unloaded after import = 1
========================================================================
Received Import Request.
  Time since last request: 0.000044 seconds.
  path: Assets/TextMesh Pro/Examples & Extras/Scenes/20 - Input Field with Scrollbar.unity
  artifactKey: Guid(337f92480dd24675aae9e79210fb1ad9) Importer(2089858483,0ecaa5967403d082aa24f35e1b516d23)
Start importing Assets/TextMesh Pro/Examples & Extras/Scenes/20 - Input Field with Scrollbar.unity using Guid(337f92480dd24675aae9e79210fb1ad9) Importer(2089858483,0ecaa5967403d082aa24f35e1b516d23) [PhysX] Initialized MultithreadedTaskDispatcher with 12 workers.
 -> (artifact id: '84bb8cee978f1edb4e6c1db8085c259b') in 0.016449 seconds
Number of updated asset objects reloaded before import = 0
Number of asset objects unloaded after import = 1
========================================================================
Received Import Request.
  Time since last request: 0.000023 seconds.
  path: Assets/TextMesh Pro/Examples & Extras/Scenes/07 - Superscript & Subscript Example.unity
  artifactKey: Guid(03ec435d4b7140e9b2d87f79136d8374) Importer(2089858483,0ecaa5967403d082aa24f35e1b516d23)
Start importing Assets/TextMesh Pro/Examples & Extras/Scenes/07 - Superscript & Subscript Example.unity using Guid(03ec435d4b7140e9b2d87f79136d8374) Importer(2089858483,0ecaa5967403d082aa24f35e1b516d23) [PhysX] Initialized MultithreadedTaskDispatcher with 12 workers.
 -> (artifact id: '6f5c72d37bbf473d98126a073479c1ac') in 0.015634 seconds
Number of updated asset objects reloaded before import = 0
Number of asset objects unloaded after import = 1
========================================================================
Received Import Request.
  Time since last request: 0.000024 seconds.
  path: Assets/PlayFabSDK/Shared/Public/ITransportPlugin.cs
  artifactKey: Guid(b97cd56b9c312144bb35f37b431aa18f) Importer(2089858483,0ecaa5967403d082aa24f35e1b516d23)
Start importing Assets/PlayFabSDK/Shared/Public/ITransportPlugin.cs using Guid(b97cd56b9c312144bb35f37b431aa18f) Importer(2089858483,0ecaa5967403d082aa24f35e1b516d23) [PhysX] Initialized MultithreadedTaskDispatcher with 12 workers.
 -> (artifact id: '1e315eac58882ff1c9859fa03b213828') in 0.017144 seconds
Number of updated asset objects reloaded before import = 0
Number of asset objects unloaded after import = 1
========================================================================
Received Import Request.
  Time since last request: 0.000020 seconds.
  path: Assets/TextMesh Pro/Examples & Extras/Scripts/SimpleScript.cs
  artifactKey: Guid(9eff140b25d64601aabc6ba32245d099) Importer(2089858483,0ecaa5967403d082aa24f35e1b516d23)
Start importing Assets/TextMesh Pro/Examples & Extras/Scripts/SimpleScript.cs using Guid(9eff140b25d64601aabc6ba32245d099) Importer(2089858483,0ecaa5967403d082aa24f35e1b516d23) [PhysX] Initialized MultithreadedTaskDispatcher with 12 workers.
 -> (artifact id: '9f833178682db3603bdaadb294ccc8b6') in 0.017207 seconds
Number of updated asset objects reloaded before import = 0
Number of asset objects unloaded after import = 1
========================================================================
Received Import Request.
  Time since last request: 0.000030 seconds.
  path: Assets/TextMesh Pro/Examples & Extras/Scripts/ObjectSpin.cs
  artifactKey: Guid(4f19c7f94c794c5097d8bd11e39c750d) Importer(2089858483,0ecaa5967403d082aa24f35e1b516d23)
Start importing Assets/TextMesh Pro/Examples & Extras/Scripts/ObjectSpin.cs using Guid(4f19c7f94c794c5097d8bd11e39c750d) Importer(2089858483,0ecaa5967403d082aa24f35e1b516d23) [PhysX] Initialized MultithreadedTaskDispatcher with 12 workers.
 -> (artifact id: '38f55fa4906ca111e5f20458663735ed') in 0.019437 seconds
Number of updated asset objects reloaded before import = 0
Number of asset objects unloaded after import = 1
========================================================================
Received Import Request.
  Time since last request: 0.000023 seconds.
  path: Assets/TextMesh Pro/Examples & Extras/Scenes/15 - Inline Graphics & Sprites.unity
  artifactKey: Guid(e76e6c0f81964cbda3fe0b7d26ed8060) Importer(2089858483,0ecaa5967403d082aa24f35e1b516d23)
Start importing Assets/TextMesh Pro/Examples & Extras/Scenes/15 - Inline Graphics & Sprites.unity using Guid(e76e6c0f81964cbda3fe0b7d26ed8060) Importer(2089858483,0ecaa5967403d082aa24f35e1b516d23) [PhysX] Initialized MultithreadedTaskDispatcher with 12 workers.
 -> (artifact id: '2e2f2f3c4af79aa9565d2cf9608701be') in 0.015388 seconds
Number of updated asset objects reloaded before import = 0
Number of asset objects unloaded after import = 1
========================================================================
Received Import Request.
  Time since last request: 0.000025 seconds.
  path: Assets/TextMesh Pro/Examples & Extras/Scenes/23 - Animating Vertex Attributes.unity
  artifactKey: Guid(54e994244b4b467e8583cf2da6dcc716) Importer(2089858483,0ecaa5967403d082aa24f35e1b516d23)
Start importing Assets/TextMesh Pro/Examples & Extras/Scenes/23 - Animating Vertex Attributes.unity using Guid(54e994244b4b467e8583cf2da6dcc716) Importer(2089858483,0ecaa5967403d082aa24f35e1b516d23) [PhysX] Initialized MultithreadedTaskDispatcher with 12 workers.
 -> (artifact id: 'b78fd950c235ad98940077e2643b77a3') in 0.018694 seconds
Number of updated asset objects reloaded before import = 0
Number of asset objects unloaded after import = 1
========================================================================
Received Import Request.
  Time since last request: 0.000030 seconds.
  path: Assets/TextMesh Pro/Examples & Extras/Scenes/24 - Surface Shader Example.unity
  artifactKey: Guid(8c4969fd8ba94a68b07cf11f3e7a5137) Importer(2089858483,0ecaa5967403d082aa24f35e1b516d23)
Start importing Assets/TextMesh Pro/Examples & Extras/Scenes/24 - Surface Shader Example.unity using Guid(8c4969fd8ba94a68b07cf11f3e7a5137) Importer(2089858483,0ecaa5967403d082aa24f35e1b516d23) [PhysX] Initialized MultithreadedTaskDispatcher with 12 workers.
 -> (artifact id: '1d8d843d20ed4a9546394bd7bc94d9f0') in 0.018413 seconds
Number of updated asset objects reloaded before import = 0
Number of asset objects unloaded after import = 1
========================================================================
Received Import Request.
  Time since last request: 0.000029 seconds.
  path: Assets/TextMesh Pro/Examples & Extras/Scenes/11 - The Style Tag.unity
  artifactKey: Guid(84ed36ad77dd4956b2ffe3769f759879) Importer(2089858483,0ecaa5967403d082aa24f35e1b516d23)
Start importing Assets/TextMesh Pro/Examples & Extras/Scenes/11 - The Style Tag.unity using Guid(84ed36ad77dd4956b2ffe3769f759879) Importer(2089858483,0ecaa5967403d082aa24f35e1b516d23) [PhysX] Initialized MultithreadedTaskDispatcher with 12 workers.
 -> (artifact id: 'a6d33aa837873ebb9f446b5ccca9384e') in 0.018208 seconds
Number of updated asset objects reloaded before import = 0
Number of asset objects unloaded after import = 1
========================================================================
Received Import Request.
  Time since last request: 0.000030 seconds.
  path: Assets/TextMesh Pro/Examples & Extras/Scripts/EnvMapAnimator.cs
  artifactKey: Guid(a4b6f99e8bc54541bbd149b014ff441c) Importer(2089858483,0ecaa5967403d082aa24f35e1b516d23)
Start importing Assets/TextMesh Pro/Examples & Extras/Scripts/EnvMapAnimator.cs using Guid(a4b6f99e8bc54541bbd149b014ff441c) Importer(2089858483,0ecaa5967403d082aa24f35e1b516d23) [PhysX] Initialized MultithreadedTaskDispatcher with 12 workers.
 -> (artifact id: '737f6eb425ecf5f9f53fa7363da25350') in 0.018968 seconds
Number of updated asset objects reloaded before import = 0
Number of asset objects unloaded after import = 1
========================================================================
Received Import Request.
  Time since last request: 0.000030 seconds.
  path: Assets/TextMesh Pro/Examples & Extras/Fonts/Anton.ttf
  artifactKey: Guid(997a43b767814dd0a7642ec9b78cba41) Importer(2089858483,0ecaa5967403d082aa24f35e1b516d23)
Start importing Assets/TextMesh Pro/Examples & Extras/Fonts/Anton.ttf using Guid(997a43b767814dd0a7642ec9b78cba41) Importer(2089858483,0ecaa5967403d082aa24f35e1b516d23) [PhysX] Initialized MultithreadedTaskDispatcher with 12 workers.
 -> (artifact id: 'b6f16c1e50d5c82e0e9202cd909d2c39') in 0.036907 seconds
Number of updated asset objects reloaded before import = 0
Number of asset objects unloaded after import = 3
========================================================================
Received Import Request.
  Time since last request: 0.000033 seconds.
  path: Assets/PlayFabSDK/Shared/Public/ISerializerPlugin.cs
  artifactKey: Guid(d33ec65e8a628fe44a4aa5c55289a16d) Importer(2089858483,0ecaa5967403d082aa24f35e1b516d23)
Start importing Assets/PlayFabSDK/Shared/Public/ISerializerPlugin.cs using Guid(d33ec65e8a628fe44a4aa5c55289a16d) Importer(2089858483,0ecaa5967403d082aa24f35e1b516d23) [PhysX] Initialized MultithreadedTaskDispatcher with 12 workers.
 -> (artifact id: '7fc7d4c0de89afbeab3ec8e2f889fdb9') in 0.018308 seconds
Number of updated asset objects reloaded before import = 0
Number of asset objects unloaded after import = 1
========================================================================
Received Import Request.
  Time since last request: 0.000034 seconds.
  path: Assets/TextMesh Pro/Examples & Extras/Scripts/TMP_UiFrameRateCounter.cs
  artifactKey: Guid(24b0dc2d1d494adbbec1f4db26b4cf83) Importer(2089858483,0ecaa5967403d082aa24f35e1b516d23)
Start importing Assets/TextMesh Pro/Examples & Extras/Scripts/TMP_UiFrameRateCounter.cs using Guid(24b0dc2d1d494adbbec1f4db26b4cf83) Importer(2089858483,0ecaa5967403d082aa24f35e1b516d23) [PhysX] Initialized MultithreadedTaskDispatcher with 12 workers.
 -> (artifact id: 'aad868b56b607710986c47c079853169') in 0.018453 seconds
Number of updated asset objects reloaded before import = 0
Number of asset objects unloaded after import = 1
========================================================================
Received Import Request.
  Time since last request: 0.000034 seconds.
  path: Assets/Photon/PhotonUnityNetworking/Code/Editor/help.png
  artifactKey: Guid(9f1212502533cb34188dd6ef094188cb) Importer(2089858483,0ecaa5967403d082aa24f35e1b516d23)
Start importing Assets/Photon/PhotonUnityNetworking/Code/Editor/help.png using Guid(9f1212502533cb34188dd6ef094188cb) Importer(2089858483,0ecaa5967403d082aa24f35e1b516d23) [PhysX] Initialized MultithreadedTaskDispatcher with 12 workers.
 -> (artifact id: '6c65a32a97eb818529cee0b7138d3a4f') in 0.030697 seconds
Number of updated asset objects reloaded before import = 0
Number of asset objects unloaded after import = 1
========================================================================
Received Import Request.
  Time since last request: 0.000025 seconds.
  path: Assets/TextMesh Pro/Examples & Extras/Textures/Gradient Horizontal (Color).jpg
  artifactKey: Guid(6eb184de103d4b3f812b38561065192f) Importer(2089858483,0ecaa5967403d082aa24f35e1b516d23)
Start importing Assets/TextMesh Pro/Examples & Extras/Textures/Gradient Horizontal (Color).jpg using Guid(6eb184de103d4b3f812b38561065192f) Importer(2089858483,0ecaa5967403d082aa24f35e1b516d23) [PhysX] Initialized MultithreadedTaskDispatcher with 12 workers.
 -> (artifact id: 'c8f15cd8b4365a37a15995825f74684f') in 0.039985 seconds
Number of updated asset objects reloaded before import = 0
Number of asset objects unloaded after import = 1
========================================================================
Received Import Request.
  Time since last request: 0.000029 seconds.
  path: Assets/TextMesh Pro/Examples & Extras/Scripts/VertexShakeB.cs
  artifactKey: Guid(e4e0d9ccee5f4950be8979268c9014e0) Importer(2089858483,0ecaa5967403d082aa24f35e1b516d23)
Start importing Assets/TextMesh Pro/Examples & Extras/Scripts/VertexShakeB.cs using Guid(e4e0d9ccee5f4950be8979268c9014e0) Importer(2089858483,0ecaa5967403d082aa24f35e1b516d23) [PhysX] Initialized MultithreadedTaskDispatcher with 12 workers.
 -> (artifact id: '6ccf78b19ec9df1d356ce90569e61c61') in 0.016307 seconds
Number of updated asset objects reloaded before import = 0
Number of asset objects unloaded after import = 1
========================================================================
Received Import Request.
  Time since last request: 0.000028 seconds.
  path: Assets/Photon/PhotonUnityNetworking/Code/Editor/PhotonEditor.cs
  artifactKey: Guid(dabbbed2a74eac44dac281f20d706ba8) Importer(2089858483,0ecaa5967403d082aa24f35e1b516d23)
Start importing Assets/Photon/PhotonUnityNetworking/Code/Editor/PhotonEditor.cs using Guid(dabbbed2a74eac44dac281f20d706ba8) Importer(2089858483,0ecaa5967403d082aa24f35e1b516d23) [PhysX] Initialized MultithreadedTaskDispatcher with 12 workers.
 -> (artifact id: '8eaafd1e78a434c6b2d842fd236989ba') in 0.019033 seconds
Number of updated asset objects reloaded before import = 0
Number of asset objects unloaded after import = 1
========================================================================
Received Import Request.
  Time since last request: 0.000045 seconds.
  path: Assets/Photon/PhotonChat/Demos/DemoChat/ChatAppIdCheckerUI.cs
  artifactKey: Guid(4eb1284704a754507acb17b07b888086) Importer(2089858483,0ecaa5967403d082aa24f35e1b516d23)
Start importing Assets/Photon/PhotonChat/Demos/DemoChat/ChatAppIdCheckerUI.cs using Guid(4eb1284704a754507acb17b07b888086) Importer(2089858483,0ecaa5967403d082aa24f35e1b516d23) [PhysX] Initialized MultithreadedTaskDispatcher with 12 workers.
 -> (artifact id: 'b0e7e4d9ae357533bca135c37d6a249c') in 0.025945 seconds
Number of updated asset objects reloaded before import = 0
Number of asset objects unloaded after import = 1
========================================================================
Received Import Request.
  Time since last request: 0.000037 seconds.
  path: Assets/TextMesh Pro/Examples & Extras/Scripts/TMP_TextSelector_A.cs
  artifactKey: Guid(103e0a6a1d404693b9fb1a5173e0e979) Importer(2089858483,0ecaa5967403d082aa24f35e1b516d23)
Start importing Assets/TextMesh Pro/Examples & Extras/Scripts/TMP_TextSelector_A.cs using Guid(103e0a6a1d404693b9fb1a5173e0e979) Importer(2089858483,0ecaa5967403d082aa24f35e1b516d23) [PhysX] Initialized MultithreadedTaskDispatcher with 12 workers.
 -> (artifact id: '317c2efa2846b3b48f893f7b20763792') in 0.022314 seconds
Number of updated asset objects reloaded before import = 0
Number of asset objects unloaded after import = 1
========================================================================
Received Import Request.
  Time since last request: 0.000034 seconds.
  path: Assets/Photon/PhotonChat/Demos/DemoChat/FriendItem.cs
  artifactKey: Guid(660b16ba396d0465b98be14947420288) Importer(2089858483,0ecaa5967403d082aa24f35e1b516d23)
Start importing Assets/Photon/PhotonChat/Demos/DemoChat/FriendItem.cs using Guid(660b16ba396d0465b98be14947420288) Importer(2089858483,0ecaa5967403d082aa24f35e1b516d23) [PhysX] Initialized MultithreadedTaskDispatcher with 12 workers.
 -> (artifact id: 'aea7ceaad6eb2d04ca0e2a9005fa30b0') in 0.021453 seconds
Number of updated asset objects reloaded before import = 0
Number of asset objects unloaded after import = 1
========================================================================
Received Import Request.
  Time since last request: 0.000025 seconds.
  path: Assets/TextMesh Pro/Examples & Extras/Scripts/VertexJitter.cs
  artifactKey: Guid(2ed57967c52645d390a89dcf8f61ba73) Importer(2089858483,0ecaa5967403d082aa24f35e1b516d23)
Start importing Assets/TextMesh Pro/Examples & Extras/Scripts/VertexJitter.cs using Guid(2ed57967c52645d390a89dcf8f61ba73) Importer(2089858483,0ecaa5967403d082aa24f35e1b516d23) [PhysX] Initialized MultithreadedTaskDispatcher with 12 workers.
 -> (artifact id: '2e1934b5b140c864edc13bb45d3bfc29') in 0.019069 seconds
Number of updated asset objects reloaded before import = 0
Number of asset objects unloaded after import = 1
========================================================================
Received Import Request.
  Time since last request: 0.000036 seconds.
  path: Assets/TextMesh Pro/Examples & Extras/Textures/Wipe Pattern - Diagonal.psd
  artifactKey: Guid(ed5290d8df18488780e2996b9b882f01) Importer(2089858483,0ecaa5967403d082aa24f35e1b516d23)
Start importing Assets/TextMesh Pro/Examples & Extras/Textures/Wipe Pattern - Diagonal.psd using Guid(ed5290d8df18488780e2996b9b882f01) Importer(2089858483,0ecaa5967403d082aa24f35e1b516d23) [PhysX] Initialized MultithreadedTaskDispatcher with 12 workers.
 -> (artifact id: '4af3896a3e59319407d27ab939d7656b') in 0.034133 seconds
Number of updated asset objects reloaded before import = 0
Number of asset objects unloaded after import = 1
========================================================================
Received Import Request.
  Time since last request: 0.000024 seconds.
  path: Assets/Photon/PhotonUnityNetworking/Code/Editor/PunSceneSettingsFile.asset
  artifactKey: Guid(d0aacb83307022d449e90a09d28222ae) Importer(2089858483,0ecaa5967403d082aa24f35e1b516d23)
Start importing Assets/Photon/PhotonUnityNetworking/Code/Editor/PunSceneSettingsFile.asset using Guid(d0aacb83307022d449e90a09d28222ae) Importer(2089858483,0ecaa5967403d082aa24f35e1b516d23) [PhysX] Initialized MultithreadedTaskDispatcher with 12 workers.
 -> (artifact id: 'f8b66b9e460f279569f988e8d1ec1767') in 0.020488 seconds
Number of updated asset objects reloaded before import = 0
Number of asset objects unloaded after import = 1
========================================================================
Received Import Request.
  Time since last request: 0.000029 seconds.
  path: Assets/Photon/PhotonChat/Demos/DemoChat/DemoChat-Scene.unity
  artifactKey: Guid(ec07267f6a28fb044ac89845274e79af) Importer(2089858483,0ecaa5967403d082aa24f35e1b516d23)
Start importing Assets/Photon/PhotonChat/Demos/DemoChat/DemoChat-Scene.unity using Guid(ec07267f6a28fb044ac89845274e79af) Importer(2089858483,0ecaa5967403d082aa24f35e1b516d23) [PhysX] Initialized MultithreadedTaskDispatcher with 12 workers.
 -> (artifact id: '2a884fd5ecfe7d72bb69dbe02ea10d86') in 0.017130 seconds
Number of updated asset objects reloaded before import = 0
Number of asset objects unloaded after import = 1
========================================================================
Received Import Request.
  Time since last request: 0.000024 seconds.
  path: Assets/Photon/PhotonUnityNetworking/Code/Editor/PunGradient.png
  artifactKey: Guid(1faa1cf0448470c4ebbb23b97759ab50) Importer(2089858483,0ecaa5967403d082aa24f35e1b516d23)
Start importing Assets/Photon/PhotonUnityNetworking/Code/Editor/PunGradient.png using Guid(1faa1cf0448470c4ebbb23b97759ab50) Importer(2089858483,0ecaa5967403d082aa24f35e1b516d23) [PhysX] Initialized MultithreadedTaskDispatcher with 12 workers.
 -> (artifact id: '32919252c0cf0f7fd8a253a1c0c35f16') in 0.039132 seconds
Number of updated asset objects reloaded before import = 0
Number of asset objects unloaded after import = 1
========================================================================
Received Import Request.
  Time since last request: 0.000021 seconds.
  path: Assets/TextMesh Pro/Examples & Extras/Scripts/WarpTextExample.cs
  artifactKey: Guid(790744c462254b7ba8038e6ed28b3db2) Importer(2089858483,0ecaa5967403d082aa24f35e1b516d23)
Start importing Assets/TextMesh Pro/Examples & Extras/Scripts/WarpTextExample.cs using Guid(790744c462254b7ba8038e6ed28b3db2) Importer(2089858483,0ecaa5967403d082aa24f35e1b516d23) [PhysX] Initialized MultithreadedTaskDispatcher with 12 workers.
 -> (artifact id: 'd65e2989068843f8191aa1c7aab864be') in 0.019859 seconds
Number of updated asset objects reloaded before import = 0
Number of asset objects unloaded after import = 1
========================================================================
Received Import Request.
  Time since last request: 0.000029 seconds.
  path: Assets/TextMesh Pro/Examples & Extras/Textures/Small Crate_diffuse.jpg
  artifactKey: Guid(602cb87b6a29443b8636370ea0751574) Importer(2089858483,0ecaa5967403d082aa24f35e1b516d23)
Start importing Assets/TextMesh Pro/Examples & Extras/Textures/Small Crate_diffuse.jpg using Guid(602cb87b6a29443b8636370ea0751574) Importer(2089858483,0ecaa5967403d082aa24f35e1b516d23) [PhysX] Initialized MultithreadedTaskDispatcher with 12 workers.
 -> (artifact id: 'b6ebac0d6590ebba836c72d78a0be206') in 0.025706 seconds
Number of updated asset objects reloaded before import = 0
Number of asset objects unloaded after import = 1
========================================================================
Received Import Request.
  Time since last request: 0.000031 seconds.
  path: Assets/TextMesh Pro/Examples & Extras/Textures/Wipe Pattern - Radial Quad.psd
  artifactKey: Guid(2b5e9ae96c5644d8bae932f8b4ca68a2) Importer(2089858483,0ecaa5967403d082aa24f35e1b516d23)
Start importing Assets/TextMesh Pro/Examples & Extras/Textures/Wipe Pattern - Radial Quad.psd using Guid(2b5e9ae96c5644d8bae932f8b4ca68a2) Importer(2089858483,0ecaa5967403d082aa24f35e1b516d23) [PhysX] Initialized MultithreadedTaskDispatcher with 12 workers.
 -> (artifact id: 'f9255f3a69fc018bb27b778c48049b0b') in 0.035644 seconds
Number of updated asset objects reloaded before import = 0
Number of asset objects unloaded after import = 1
========================================================================
Received Import Request.
  Time since last request: 0.000032 seconds.
  path: Assets/Photon/PhotonChat/Demos/DemoChat/AppSettingsExtensions.cs
  artifactKey: Guid(4fcf4818ecc9abf4e9b7e0c37af9b851) Importer(2089858483,0ecaa5967403d082aa24f35e1b516d23)
Start importing Assets/Photon/PhotonChat/Demos/DemoChat/AppSettingsExtensions.cs using Guid(4fcf4818ecc9abf4e9b7e0c37af9b851) Importer(2089858483,0ecaa5967403d082aa24f35e1b516d23) [PhysX] Initialized MultithreadedTaskDispatcher with 12 workers.
 -> (artifact id: 'c17f154b9b21a4c4ee187faf53b21594') in 0.020363 seconds
Number of updated asset objects reloaded before import = 0
Number of asset objects unloaded after import = 1
========================================================================
Received Import Request.
  Time since last request: 0.000039 seconds.
  path: Assets/TextMesh Pro/Resources/Fonts & Materials/LiberationSans SDF.asset
  artifactKey: Guid(8f586378b4e144a9851e7b34d9b748ee) Importer(2089858483,0ecaa5967403d082aa24f35e1b516d23)
Start importing Assets/TextMesh Pro/Resources/Fonts & Materials/LiberationSans SDF.asset using Guid(8f586378b4e144a9851e7b34d9b748ee) Importer(2089858483,0ecaa5967403d082aa24f35e1b516d23) [PhysX] Initialized MultithreadedTaskDispatcher with 12 workers.
 -> (artifact id: '4a55a7e86df2d11f6045f3efb64337da') in 0.065725 seconds
Number of updated asset objects reloaded before import = 0
Number of asset objects unloaded after import = 8
========================================================================
Received Import Request.
  Time since last request: 0.000039 seconds.
  path: Assets/Photon/PhotonUnityNetworking/Demos/DemoSlotRacer/SlotCar-Scene.unity
  artifactKey: Guid(711b38c07f2cf904f81b3422c67f1825) Importer(2089858483,0ecaa5967403d082aa24f35e1b516d23)
Start importing Assets/Photon/PhotonUnityNetworking/Demos/DemoSlotRacer/SlotCar-Scene.unity using Guid(711b38c07f2cf904f81b3422c67f1825) Importer(2089858483,0ecaa5967403d082aa24f35e1b516d23) [PhysX] Initialized MultithreadedTaskDispatcher with 12 workers.
 -> (artifact id: 'c29380b72f7e5e012d1ef0919e371a58') in 0.020645 seconds
Number of updated asset objects reloaded before import = 0
Number of asset objects unloaded after import = 1
========================================================================
Received Import Request.
  Time since last request: 0.000030 seconds.
  path: Assets/PlayFabSDK/Shared/Internal/PlayFabHttp/IPlayFabHttp.cs
  artifactKey: Guid(aeac58284b4b1cd4ab93ab0e71ba8540) Importer(2089858483,0ecaa5967403d082aa24f35e1b516d23)
Start importing Assets/PlayFabSDK/Shared/Internal/PlayFabHttp/IPlayFabHttp.cs using Guid(aeac58284b4b1cd4ab93ab0e71ba8540) Importer(2089858483,0ecaa5967403d082aa24f35e1b516d23) [PhysX] Initialized MultithreadedTaskDispatcher with 12 workers.
 -> (artifact id: 'c1082d0e59bf25fbe326fc5507acc113') in 0.022801 seconds
Number of updated asset objects reloaded before import = 0
Number of asset objects unloaded after import = 1
========================================================================
Received Import Request.
  Time since last request: 0.000025 seconds.
  path: Assets/PlayFabSDK/Shared/Internal/PlayFabHttp/PlayFabUnityHttp.cs
  artifactKey: Guid(fdda21a9c6bb5c74d85422afab113b0f) Importer(2089858483,0ecaa5967403d082aa24f35e1b516d23)
Start importing Assets/PlayFabSDK/Shared/Internal/PlayFabHttp/PlayFabUnityHttp.cs using Guid(fdda21a9c6bb5c74d85422afab113b0f) Importer(2089858483,0ecaa5967403d082aa24f35e1b516d23) [PhysX] Initialized MultithreadedTaskDispatcher with 12 workers.
 -> (artifact id: '7fa4994935a242fda3e94d2e26ac9a30') in 0.021580 seconds
Number of updated asset objects reloaded before import = 0
Number of asset objects unloaded after import = 1
========================================================================
Received Import Request.
  Time since last request: 0.000030 seconds.
  path: Assets/PlayFabSDK/Shared/Public/Resources/PlayFabSharedSettings.asset
  artifactKey: Guid(698b2db098268c640929a7b8090a31eb) Importer(2089858483,0ecaa5967403d082aa24f35e1b516d23)
Start importing Assets/PlayFabSDK/Shared/Public/Resources/PlayFabSharedSettings.asset using Guid(698b2db098268c640929a7b8090a31eb) Importer(2089858483,0ecaa5967403d082aa24f35e1b516d23) [PhysX] Initialized MultithreadedTaskDispatcher with 12 workers.
 -> (artifact id: '86709627f7900755e95d2076bbfaf7bc') in 0.040619 seconds
Number of updated asset objects reloaded before import = 0
Number of asset objects unloaded after import = 1
========================================================================
Received Import Request.
  Time since last request: 0.000033 seconds.
  path: Assets/Photon/PhotonUnityNetworking/UtilityScripts/Prototyping/OnEscapeQuit.cs
  artifactKey: Guid(1fbabafd914a48f4eb6108d8d8f43d29) Importer(2089858483,0ecaa5967403d082aa24f35e1b516d23)
Start importing Assets/Photon/PhotonUnityNetworking/UtilityScripts/Prototyping/OnEscapeQuit.cs using Guid(1fbabafd914a48f4eb6108d8d8f43d29) Importer(2089858483,0ecaa5967403d082aa24f35e1b516d23) [PhysX] Initialized MultithreadedTaskDispatcher with 12 workers.
 -> (artifact id: 'd0df2419f5b9cb5622a83673528ed96f') in 0.028353 seconds
Number of updated asset objects reloaded before import = 0
Number of asset objects unloaded after import = 1
========================================================================
Received Import Request.
  Time since last request: 0.000034 seconds.
  path: Assets/Photon/PhotonUnityNetworking/UtilityScripts/Debugging/PointedAtGameObjectInfo.cs
  artifactKey: Guid(e6262dd9a9b078c4e8cbd47495aa6d23) Importer(2089858483,0ecaa5967403d082aa24f35e1b516d23)
Start importing Assets/Photon/PhotonUnityNetworking/UtilityScripts/Debugging/PointedAtGameObjectInfo.cs using Guid(e6262dd9a9b078c4e8cbd47495aa6d23) Importer(2089858483,0ecaa5967403d082aa24f35e1b516d23) [PhysX] Initialized MultithreadedTaskDispatcher with 12 workers.
 -> (artifact id: '2f581b6214b8986a8a9f76f2b9477064') in 0.018530 seconds
Number of updated asset objects reloaded before import = 0
Number of asset objects unloaded after import = 1
========================================================================
Received Import Request.
  Time since last request: 0.000030 seconds.
  path: Assets/Photon/PhotonUnityNetworking/Demos/PunCockpit/PunCockpit-Scene.unity
  artifactKey: Guid(9d6d60c803e244e51ba945a84b88757d) Importer(2089858483,0ecaa5967403d082aa24f35e1b516d23)
Start importing Assets/Photon/PhotonUnityNetworking/Demos/PunCockpit/PunCockpit-Scene.unity using Guid(9d6d60c803e244e51ba945a84b88757d) Importer(2089858483,0ecaa5967403d082aa24f35e1b516d23) [PhysX] Initialized MultithreadedTaskDispatcher with 12 workers.
 -> (artifact id: 'af3cf820a66acb201a9189c48656f912') in 0.019594 seconds
Number of updated asset objects reloaded before import = 0
Number of asset objects unloaded after import = 1
========================================================================
Received Import Request.
  Time since last request: 0.000038 seconds.
  path: Assets/Photon/PhotonUnityNetworking/UtilityScripts/PhotonPlayer/PhotonTeamsManager.cs
  artifactKey: Guid(8701526de72d8774fa165e66daf050ed) Importer(2089858483,0ecaa5967403d082aa24f35e1b516d23)
Start importing Assets/Photon/PhotonUnityNetworking/UtilityScripts/PhotonPlayer/PhotonTeamsManager.cs using Guid(8701526de72d8774fa165e66daf050ed) Importer(2089858483,0ecaa5967403d082aa24f35e1b516d23) [PhysX] Initialized MultithreadedTaskDispatcher with 12 workers.
 -> (artifact id: 'd2deba52a1ac71020584eea8cf1bbd00') in 0.022226 seconds
Number of updated asset objects reloaded before import = 0
Number of asset objects unloaded after import = 1
========================================================================
Received Import Request.
  Time since last request: 0.000026 seconds.
  path: Assets/Photon/PhotonUnityNetworking/Demos/DemoProcedural/Procedural-Scene.unity
  artifactKey: Guid(e1fad393017993c4893877b645062417) Importer(2089858483,0ecaa5967403d082aa24f35e1b516d23)
Start importing Assets/Photon/PhotonUnityNetworking/Demos/DemoProcedural/Procedural-Scene.unity using Guid(e1fad393017993c4893877b645062417) Importer(2089858483,0ecaa5967403d082aa24f35e1b516d23) [PhysX] Initialized MultithreadedTaskDispatcher with 12 workers.
 -> (artifact id: '1cb3d265847b445b42f42d8f72aad558') in 0.020431 seconds
Number of updated asset objects reloaded before import = 0
Number of asset objects unloaded after import = 1
========================================================================
Received Import Request.
  Time since last request: 0.000304 seconds.
  path: Assets/Photon/PhotonUnityNetworking/UtilityScripts/Prototyping/OnClickInstantiate.cs
  artifactKey: Guid(9b79a9b62449de940a073364858c3f9b) Importer(2089858483,0ecaa5967403d082aa24f35e1b516d23)
Start importing Assets/Photon/PhotonUnityNetworking/UtilityScripts/Prototyping/OnClickInstantiate.cs using Guid(9b79a9b62449de940a073364858c3f9b) Importer(2089858483,0ecaa5967403d082aa24f35e1b516d23) [PhysX] Initialized MultithreadedTaskDispatcher with 12 workers.
 -> (artifact id: 'bb45b29968a4b9f7215c6a31b92f2e7a') in 0.039731 seconds
Number of updated asset objects reloaded before import = 0
Number of asset objects unloaded after import = 1
========================================================================
Received Import Request.
  Time since last request: 0.000051 seconds.
  path: Assets/Photon/PhotonUnityNetworking/UtilityScripts/Prototyping/OnClickRpc.cs
  artifactKey: Guid(2cd0ed7420882554fa146aab6aeb2e80) Importer(2089858483,0ecaa5967403d082aa24f35e1b516d23)
Start importing Assets/Photon/PhotonUnityNetworking/UtilityScripts/Prototyping/OnClickRpc.cs using Guid(2cd0ed7420882554fa146aab6aeb2e80) Importer(2089858483,0ecaa5967403d082aa24f35e1b516d23) [PhysX] Initialized MultithreadedTaskDispatcher with 12 workers.
 -> (artifact id: 'f85aa129533ee53a02dc481e9c14d260') in 0.022149 seconds
Number of updated asset objects reloaded before import = 0
Number of asset objects unloaded after import = 1
========================================================================
Received Import Request.
  Time since last request: 0.000042 seconds.
  path: Assets/Photon/PhotonUnityNetworking/Code/Editor/PunSceneSettingsInspector.cs
  artifactKey: Guid(1ad59deacfd0848dcb64a51b0a0eb960) Importer(2089858483,0ecaa5967403d082aa24f35e1b516d23)
Start importing Assets/Photon/PhotonUnityNetworking/Code/Editor/PunSceneSettingsInspector.cs using Guid(1ad59deacfd0848dcb64a51b0a0eb960) Importer(2089858483,0ecaa5967403d082aa24f35e1b516d23) [PhysX] Initialized MultithreadedTaskDispatcher with 12 workers.
 -> (artifact id: '69e67df9dc40c1b1cbd88fe62cd96623') in 0.023953 seconds
Number of updated asset objects reloaded before import = 0
Number of asset objects unloaded after import = 1
========================================================================
Received Import Request.
  Time since last request: 0.000027 seconds.
  path: Assets/Photon/PhotonUnityNetworking/Code/Interfaces/IPhotonViewCallbacks.cs
  artifactKey: Guid(d67b3e094fcbf004da7f8771c17126f3) Importer(2089858483,0ecaa5967403d082aa24f35e1b516d23)
Start importing Assets/Photon/PhotonUnityNetworking/Code/Interfaces/IPhotonViewCallbacks.cs using Guid(d67b3e094fcbf004da7f8771c17126f3) Importer(2089858483,0ecaa5967403d082aa24f35e1b516d23) [PhysX] Initialized MultithreadedTaskDispatcher with 12 workers.
 -> (artifact id: '511bf27e715514b2f150f112dcb6becb') in 0.022485 seconds
Number of updated asset objects reloaded before import = 0
Number of asset objects unloaded after import = 1
========================================================================
Received Import Request.
  Time since last request: 0.000030 seconds.
  path: Assets/Photon/PhotonUnityNetworking/UtilityScripts/Prototyping/OnStartDelete.cs
  artifactKey: Guid(f8d56a54ae062da4a87516fb994f4e30) Importer(2089858483,0ecaa5967403d082aa24f35e1b516d23)
Start importing Assets/Photon/PhotonUnityNetworking/UtilityScripts/Prototyping/OnStartDelete.cs using Guid(f8d56a54ae062da4a87516fb994f4e30) Importer(2089858483,0ecaa5967403d082aa24f35e1b516d23) [PhysX] Initialized MultithreadedTaskDispatcher with 12 workers.
 -> (artifact id: 'ae6eef84e8e13eba72cd4fe20e800e4b') in 0.021141 seconds
Number of updated asset objects reloaded before import = 0
Number of asset objects unloaded after import = 1
========================================================================
Received Import Request.
  Time since last request: 0.000023 seconds.
  path: Assets/TextMesh Pro/Examples & Extras/Scripts/Benchmark03.cs
  artifactKey: Guid(a73109742c8d47ac822895a473300c29) Importer(2089858483,0ecaa5967403d082aa24f35e1b516d23)
Start importing Assets/TextMesh Pro/Examples & Extras/Scripts/Benchmark03.cs using Guid(a73109742c8d47ac822895a473300c29) Importer(2089858483,0ecaa5967403d082aa24f35e1b516d23) [PhysX] Initialized MultithreadedTaskDispatcher with 12 workers.
 -> (artifact id: 'a6e1c85ddf4fa2532427ad87fbfe6ce8') in 0.023293 seconds
Number of updated asset objects reloaded before import = 0
Number of asset objects unloaded after import = 1
========================================================================
Received Import Request.
  Time since last request: 0.000027 seconds.
  path: Assets/TextMesh Pro/Examples & Extras/Scenes/17 - Old Computer Terminal.unity
  artifactKey: Guid(3e2e4d7b0bed4cf9ab827e9f32448f69) Importer(2089858483,0ecaa5967403d082aa24f35e1b516d23)
Start importing Assets/TextMesh Pro/Examples & Extras/Scenes/17 - Old Computer Terminal.unity using Guid(3e2e4d7b0bed4cf9ab827e9f32448f69) Importer(2089858483,0ecaa5967403d082aa24f35e1b516d23) [PhysX] Initialized MultithreadedTaskDispatcher with 12 workers.
 -> (artifact id: 'c6e1f6abf7946d59d43f7804917a754e') in 0.017899 seconds
Number of updated asset objects reloaded before import = 0
Number of asset objects unloaded after import = 1
========================================================================
Received Import Request.
  Time since last request: 0.000032 seconds.
  path: Assets/TextMesh Pro/Examples & Extras/Scripts/TextMeshSpawner.cs
  artifactKey: Guid(76c11bbcfddf44e0ba17d6c2751c8d84) Importer(2089858483,0ecaa5967403d082aa24f35e1b516d23)
Start importing Assets/TextMesh Pro/Examples & Extras/Scripts/TextMeshSpawner.cs using Guid(76c11bbcfddf44e0ba17d6c2751c8d84) Importer(2089858483,0ecaa5967403d082aa24f35e1b516d23) [PhysX] Initialized MultithreadedTaskDispatcher with 12 workers.
 -> (artifact id: 'ca2f6b6c360db8fe6b704d4cda1dc4fe') in 0.020936 seconds
Number of updated asset objects reloaded before import = 0
Number of asset objects unloaded after import = 1
========================================================================
Received Import Request.
  Time since last request: 0.000032 seconds.
  path: Assets/PlayFabSDK/Shared/Public/IPlayFabPlugin.cs
  artifactKey: Guid(c515d14de9458ef449d382c41e4943b0) Importer(2089858483,0ecaa5967403d082aa24f35e1b516d23)
Start importing Assets/PlayFabSDK/Shared/Public/IPlayFabPlugin.cs using Guid(c515d14de9458ef449d382c41e4943b0) Importer(2089858483,0ecaa5967403d082aa24f35e1b516d23) [PhysX] Initialized MultithreadedTaskDispatcher with 12 workers.
 -> (artifact id: '599d50e4aaed09d0c6e55d8b77497e76') in 0.020042 seconds
Number of updated asset objects reloaded before import = 0
Number of asset objects unloaded after import = 1
========================================================================
Received Import Request.
  Time since last request: 0.000030 seconds.
  path: Assets/TextMesh Pro/Resources/Sprite Assets/EmojiOne.asset
  artifactKey: Guid(c41005c129ba4d66911b75229fd70b45) Importer(2089858483,0ecaa5967403d082aa24f35e1b516d23)
Start importing Assets/TextMesh Pro/Resources/Sprite Assets/EmojiOne.asset using Guid(c41005c129ba4d66911b75229fd70b45) Importer(2089858483,0ecaa5967403d082aa24f35e1b516d23) [PhysX] Initialized MultithreadedTaskDispatcher with 12 workers.
 -> (artifact id: '9a12db1443fce685108ebc08805dd4d4') in 0.031940 seconds
Number of updated asset objects reloaded before import = 0
Number of asset objects unloaded after import = 3
========================================================================
Received Import Request.
  Time since last request: 0.000034 seconds.
  path: Assets/TextMesh Pro/Examples & Extras/Resources/Fonts & Materials/Roboto-Bold SDF - Drop Shadow.mat
  artifactKey: Guid(b246c4190f4e46ec9352fe15a7b09ce0) Importer(2089858483,0ecaa5967403d082aa24f35e1b516d23)
Start importing Assets/TextMesh Pro/Examples & Extras/Resources/Fonts & Materials/Roboto-Bold SDF - Drop Shadow.mat using Guid(b246c4190f4e46ec9352fe15a7b09ce0) Importer(2089858483,0ecaa5967403d082aa24f35e1b516d23) [PhysX] Initialized MultithreadedTaskDispatcher with 12 workers.
 -> (artifact id: '8f6d9f103e6443dfb7c46a2cde2e4020') in 0.056043 seconds
Number of updated asset objects reloaded before import = 0
Number of asset objects unloaded after import = 2
========================================================================
Received Import Request.
  Time since last request: 0.000039 seconds.
  path: Assets/TextMesh Pro/Examples & Extras/Resources/Fonts & Materials/Roboto-Bold SDF.asset
  artifactKey: Guid(5302535af1044152a457ed104f1f4b91) Importer(2089858483,0ecaa5967403d082aa24f35e1b516d23)
Start importing Assets/TextMesh Pro/Examples & Extras/Resources/Fonts & Materials/Roboto-Bold SDF.asset using Guid(5302535af1044152a457ed104f1f4b91) Importer(2089858483,0ecaa5967403d082aa24f35e1b516d23) [PhysX] Initialized MultithreadedTaskDispatcher with 12 workers.
 -> (artifact id: '2bcdf17b06967a8d7ead7321e0483bbb') in 0.034556 seconds
Number of updated asset objects reloaded before import = 0
Number of asset objects unloaded after import = 5
========================================================================
Received Import Request.
  Time since last request: 0.000021 seconds.
  path: Assets/TextMesh Pro/Examples & Extras/Resources/Color Gradient Presets/Blue to Purple - Vertical.asset
  artifactKey: Guid(479a66fa4b094512a62b0a8e553ad95a) Importer(2089858483,0ecaa5967403d082aa24f35e1b516d23)
Start importing Assets/TextMesh Pro/Examples & Extras/Resources/Color Gradient Presets/Blue to Purple - Vertical.asset using Guid(479a66fa4b094512a62b0a8e553ad95a) Importer(2089858483,0ecaa5967403d082aa24f35e1b516d23) [PhysX] Initialized MultithreadedTaskDispatcher with 12 workers.
 -> (artifact id: '4b88b17de79bf1f7129684adef545d5c') in 0.027957 seconds
Number of updated asset objects reloaded before import = 0
Number of asset objects unloaded after import = 1
========================================================================
Received Import Request.
  Time since last request: 0.000024 seconds.
  path: Assets/Photon/PhotonUnityNetworking/Demos/DemoAsteroids/Models/Spaceship.fbx
  artifactKey: Guid(65e16ec6a1570944a980e4988e715ae6) Importer(2089858483,0ecaa5967403d082aa24f35e1b516d23)
Start importing Assets/Photon/PhotonUnityNetworking/Demos/DemoAsteroids/Models/Spaceship.fbx using Guid(65e16ec6a1570944a980e4988e715ae6) Importer(2089858483,0ecaa5967403d082aa24f35e1b516d23) [PhysX] Initialized MultithreadedTaskDispatcher with 12 workers.
 -> (artifact id: '0a309652808e2f22e7d4307f3c53db73') in 0.041094 seconds
Number of updated asset objects reloaded before import = 0
Number of asset objects unloaded after import = 9
========================================================================
Received Import Request.
  Time since last request: 0.000028 seconds.
  path: Assets/Photon/PhotonUnityNetworking/Demos/DemoAsteroids/Prefabs/Bullet.prefab
  artifactKey: Guid(5624ee9da9d10514ea7b808e83979c85) Importer(2089858483,0ecaa5967403d082aa24f35e1b516d23)
Start importing Assets/Photon/PhotonUnityNetworking/Demos/DemoAsteroids/Prefabs/Bullet.prefab using Guid(5624ee9da9d10514ea7b808e83979c85) Importer(2089858483,0ecaa5967403d082aa24f35e1b516d23) [PhysX] Initialized MultithreadedTaskDispatcher with 12 workers.
 -> (artifact id: '6c4cf1fdc0553a01825a273dacd9af4f') in 0.033106 seconds
Number of updated asset objects reloaded before import = 0
Number of asset objects unloaded after import = 10
========================================================================
Received Import Request.
  Time since last request: 0.000025 seconds.
  path: Assets/Photon/PhotonUnityNetworking/Demos/DemoAsteroids/Materials/FlyerAsteroid.mat
  artifactKey: Guid(968fc57e6928a5448ae7d0644246d534) Importer(2089858483,0ecaa5967403d082aa24f35e1b516d23)
Start importing Assets/Photon/PhotonUnityNetworking/Demos/DemoAsteroids/Materials/FlyerAsteroid.mat using Guid(968fc57e6928a5448ae7d0644246d534) Importer(2089858483,0ecaa5967403d082aa24f35e1b516d23) [PhysX] Initialized MultithreadedTaskDispatcher with 12 workers.
 -> (artifact id: '55fafeb248dfb057f534f5632b28d68c') in 0.070588 seconds
Number of updated asset objects reloaded before import = 0
Number of asset objects unloaded after import = 2
========================================================================
Received Import Request.
  Time since last request: 0.000027 seconds.
  path: Assets/Photon/PhotonUnityNetworking/Demos/DemoAsteroids/Materials/WhiteSmooth.mat
  artifactKey: Guid(b05171e12835ff84fb155f51d69d7c31) Importer(2089858483,0ecaa5967403d082aa24f35e1b516d23)
Start importing Assets/Photon/PhotonUnityNetworking/Demos/DemoAsteroids/Materials/WhiteSmooth.mat using Guid(b05171e12835ff84fb155f51d69d7c31) Importer(2089858483,0ecaa5967403d082aa24f35e1b516d23) [PhysX] Initialized MultithreadedTaskDispatcher with 12 workers.
 -> (artifact id: '7bb1c86fd7ac2675b3d8696dc23817f5') in 0.031209 seconds
Number of updated asset objects reloaded before import = 0
Number of asset objects unloaded after import = 1
========================================================================
Received Import Request.
  Time since last request: 0.000031 seconds.
  path: Assets/Photon/PhotonUnityNetworking/Code/Editor/Views/PhotonTransformViewEditor.cs
  artifactKey: Guid(a8c9ec475ad103b43b901d942ff66e02) Importer(2089858483,0ecaa5967403d082aa24f35e1b516d23)
Start importing Assets/Photon/PhotonUnityNetworking/Code/Editor/Views/PhotonTransformViewEditor.cs using Guid(a8c9ec475ad103b43b901d942ff66e02) Importer(2089858483,0ecaa5967403d082aa24f35e1b516d23) [PhysX] Initialized MultithreadedTaskDispatcher with 12 workers.
 -> (artifact id: '807874fbeea47cdcce1ec0b12c43a046') in 0.015565 seconds
Number of updated asset objects reloaded before import = 0
Number of asset objects unloaded after import = 1
========================================================================
Received Import Request.
  Time since last request: 0.000028 seconds.
  path: Assets/TextMesh Pro/Examples & Extras/Resources/Sprite Assets/Default Sprite Asset.asset
  artifactKey: Guid(fbef3c704dce48f08a44612d6c856c8d) Importer(2089858483,0ecaa5967403d082aa24f35e1b516d23)
Start importing Assets/TextMesh Pro/Examples & Extras/Resources/Sprite Assets/Default Sprite Asset.asset using Guid(fbef3c704dce48f08a44612d6c856c8d) Importer(2089858483,0ecaa5967403d082aa24f35e1b516d23) [PhysX] Initialized MultithreadedTaskDispatcher with 12 workers.
 -> (artifact id: '7dee237474aabeded5d14606abf29a99') in 0.030178 seconds
Number of updated asset objects reloaded before import = 0
Number of asset objects unloaded after import = 3
========================================================================
Received Import Request.
  Time since last request: 0.000021 seconds.
  path: Assets/Photon/PhotonUnityNetworking/Code/Editor/Views/PhotonRigidbodyViewEditor.cs
  artifactKey: Guid(4bcfebc9a2f1074488adedd1fe84e6c9) Importer(2089858483,0ecaa5967403d082aa24f35e1b516d23)
Start importing Assets/Photon/PhotonUnityNetworking/Code/Editor/Views/PhotonRigidbodyViewEditor.cs using Guid(4bcfebc9a2f1074488adedd1fe84e6c9) Importer(2089858483,0ecaa5967403d082aa24f35e1b516d23) [PhysX] Initialized MultithreadedTaskDispatcher with 12 workers.
 -> (artifact id: '9d75df59a25e4519676dd52dde226bf2') in 0.018185 seconds
Number of updated asset objects reloaded before import = 0
Number of asset objects unloaded after import = 1
========================================================================
Received Import Request.
  Time since last request: 0.000023 seconds.
  path: Assets/Photon/PhotonChat/Demos/DemoChat/Files/Gradient.png
  artifactKey: Guid(2fb83ea89df639b43a22d707d3c22af1) Importer(2089858483,0ecaa5967403d082aa24f35e1b516d23)
Start importing Assets/Photon/PhotonChat/Demos/DemoChat/Files/Gradient.png using Guid(2fb83ea89df639b43a22d707d3c22af1) Importer(2089858483,0ecaa5967403d082aa24f35e1b516d23) [PhysX] Initialized MultithreadedTaskDispatcher with 12 workers.
 -> (artifact id: 'a7926265b88446d2fd969da31a7915be') in 0.040661 seconds
Number of updated asset objects reloaded before import = 0
Number of asset objects unloaded after import = 3
========================================================================
Received Import Request.
  Time since last request: 0.000024 seconds.
  path: Assets/TextMesh Pro/Examples & Extras/Resources/Fonts & Materials/Roboto-Bold SDF - Surface.mat
  artifactKey: Guid(e6b276ec991f467aa14ef1f3cc665993) Importer(2089858483,0ecaa5967403d082aa24f35e1b516d23)
Start importing Assets/TextMesh Pro/Examples & Extras/Resources/Fonts & Materials/Roboto-Bold SDF - Surface.mat using Guid(e6b276ec991f467aa14ef1f3cc665993) Importer(2089858483,0ecaa5967403d082aa24f35e1b516d23) [PhysX] Initialized MultithreadedTaskDispatcher with 12 workers.
 -> (artifact id: 'ae659a337b08dac6f57f96c21c946738') in 0.029593 seconds
Number of updated asset objects reloaded before import = 0
Number of asset objects unloaded after import = 2
========================================================================
Received Import Request.
  Time since last request: 0.000021 seconds.
  path: Assets/TextMesh Pro/Examples & Extras/Resources/Sprite Assets/DropCap Numbers.asset
  artifactKey: Guid(14aa93acbb234d16aaef0e8b46814db6) Importer(2089858483,0ecaa5967403d082aa24f35e1b516d23)
Start importing Assets/TextMesh Pro/Examples & Extras/Resources/Sprite Assets/DropCap Numbers.asset using Guid(14aa93acbb234d16aaef0e8b46814db6) Importer(2089858483,0ecaa5967403d082aa24f35e1b516d23) [PhysX] Initialized MultithreadedTaskDispatcher with 12 workers.
 -> (artifact id: '77eba290230a8faa05f33c767d08327e') in 0.029594 seconds
Number of updated asset objects reloaded before import = 0
Number of asset objects unloaded after import = 3
========================================================================
Received Import Request.
  Time since last request: 0.000027 seconds.
  path: Assets/Photon/PhotonChat/Demos/DemoChat/Files/Jura-Medium.ttf
  artifactKey: Guid(5abfb0a229c98b3499cffa6c59c2ffb4) Importer(2089858483,0ecaa5967403d082aa24f35e1b516d23)
Start importing Assets/Photon/PhotonChat/Demos/DemoChat/Files/Jura-Medium.ttf using Guid(5abfb0a229c98b3499cffa6c59c2ffb4) Importer(2089858483,0ecaa5967403d082aa24f35e1b516d23) [PhysX] Initialized MultithreadedTaskDispatcher with 12 workers.
 -> (artifact id: 'b6a2a4706b22448edf1fd9f516f8282f') in 0.033835 seconds
Number of updated asset objects reloaded before import = 0
Number of asset objects unloaded after import = 3
========================================================================
Received Import Request.
  Time since last request: 0.000030 seconds.
  path: Assets/Photon/PhotonUnityNetworking/Demos/DemoSlotRacer/Scripts/SlotRacerSplashScreen.cs
  artifactKey: Guid(fda2ec3ef73274d5886232a03b450769) Importer(2089858483,0ecaa5967403d082aa24f35e1b516d23)
Start importing Assets/Photon/PhotonUnityNetworking/Demos/DemoSlotRacer/Scripts/SlotRacerSplashScreen.cs using Guid(fda2ec3ef73274d5886232a03b450769) Importer(2089858483,0ecaa5967403d082aa24f35e1b516d23) [PhysX] Initialized MultithreadedTaskDispatcher with 12 workers.
 -> (artifact id: '42235a1090a89c768c909f5c7a8fdfb8') in 0.018845 seconds
Number of updated asset objects reloaded before import = 0
Number of asset objects unloaded after import = 1
========================================================================
Received Import Request.
  Time since last request: 0.000032 seconds.
  path: Assets/Photon/PhotonUnityNetworking/Demos/DemoProcedural/Scripts/WorldGenerator.cs
  artifactKey: Guid(4190307f26497ca49b67855340776e0a) Importer(2089858483,0ecaa5967403d082aa24f35e1b516d23)
Start importing Assets/Photon/PhotonUnityNetworking/Demos/DemoProcedural/Scripts/WorldGenerator.cs using Guid(4190307f26497ca49b67855340776e0a) Importer(2089858483,0ecaa5967403d082aa24f35e1b516d23) [PhysX] Initialized MultithreadedTaskDispatcher with 12 workers.
 -> (artifact id: '9bf1255fda555bc7f5a67a322fadf594') in 0.019536 seconds
Number of updated asset objects reloaded before import = 0
Number of asset objects unloaded after import = 1
========================================================================
Received Import Request.
  Time since last request: 0.000038 seconds.
  path: Assets/Photon/PhotonUnityNetworking/Demos/DemoHub/Sprites/toHub.png
  artifactKey: Guid(9587663c4d27e47b19a118aabaac4a08) Importer(2089858483,0ecaa5967403d082aa24f35e1b516d23)
Start importing Assets/Photon/PhotonUnityNetworking/Demos/DemoHub/Sprites/toHub.png using Guid(9587663c4d27e47b19a118aabaac4a08) Importer(2089858483,0ecaa5967403d082aa24f35e1b516d23) [PhysX] Initialized MultithreadedTaskDispatcher with 12 workers.
 -> (artifact id: '3134969cf282c1ac50e60c536ccecd31') in 0.034430 seconds
Number of updated asset objects reloaded before import = 0
Number of asset objects unloaded after import = 3
========================================================================
Received Import Request.
  Time since last request: 0.000023 seconds.
  path: Assets/Photon/PhotonUnityNetworking/Demos/DemoProcedural/Scripts/Block.cs
  artifactKey: Guid(8b205f33043c113489ab36d5b56f7730) Importer(2089858483,0ecaa5967403d082aa24f35e1b516d23)
Start importing Assets/Photon/PhotonUnityNetworking/Demos/DemoProcedural/Scripts/Block.cs using Guid(8b205f33043c113489ab36d5b56f7730) Importer(2089858483,0ecaa5967403d082aa24f35e1b516d23) [PhysX] Initialized MultithreadedTaskDispatcher with 12 workers.
 -> (artifact id: 'f63b6f2ce7eaddad5b594457a2668199') in 0.017275 seconds
Number of updated asset objects reloaded before import = 0
Number of asset objects unloaded after import = 1
========================================================================
Received Import Request.
  Time since last request: 0.000024 seconds.
  path: Assets/Photon/PhotonUnityNetworking/Demos/DemoHub/Sprites/OutlinedSquaredBox.png
  artifactKey: Guid(c222cd02c447941edb09ecb6433229ce) Importer(2089858483,0ecaa5967403d082aa24f35e1b516d23)
Start importing Assets/Photon/PhotonUnityNetworking/Demos/DemoHub/Sprites/OutlinedSquaredBox.png using Guid(c222cd02c447941edb09ecb6433229ce) Importer(2089858483,0ecaa5967403d082aa24f35e1b516d23) [PhysX] Initialized MultithreadedTaskDispatcher with 12 workers.
 -> (artifact id: '4a8fa44dc1c58998f8aa20f8ad393802') in 0.024175 seconds
Number of updated asset objects reloaded before import = 0
Number of asset objects unloaded after import = 3
========================================================================
Received Import Request.
  Time since last request: 0.000028 seconds.
  path: Assets/Photon/PhotonUnityNetworking/Demos/DemoProcedural/Scripts/IngameControlPanel.cs
  artifactKey: Guid(e821c7c24a983d941a2d2c4400ecf9f7) Importer(2089858483,0ecaa5967403d082aa24f35e1b516d23)
Start importing Assets/Photon/PhotonUnityNetworking/Demos/DemoProcedural/Scripts/IngameControlPanel.cs using Guid(e821c7c24a983d941a2d2c4400ecf9f7) Importer(2089858483,0ecaa5967403d082aa24f35e1b516d23) [PhysX] Initialized MultithreadedTaskDispatcher with 12 workers.
 -> (artifact id: 'a81e9309adf52a7d5e421b3057d7f7ee') in 0.017451 seconds
Number of updated asset objects reloaded before import = 0
Number of asset objects unloaded after import = 1
========================================================================
Received Import Request.
  Time since last request: 0.000028 seconds.
  path: Assets/Photon/PhotonUnityNetworking/Demos/DemoHub/Editor/PunStartup.cs
  artifactKey: Guid(6bafe5c223c99ab44a5f70010efdae47) Importer(2089858483,0ecaa5967403d082aa24f35e1b516d23)
Start importing Assets/Photon/PhotonUnityNetworking/Demos/DemoHub/Editor/PunStartup.cs using Guid(6bafe5c223c99ab44a5f70010efdae47) Importer(2089858483,0ecaa5967403d082aa24f35e1b516d23) [PhysX] Initialized MultithreadedTaskDispatcher with 12 workers.
 -> (artifact id: '4383cab80e84f91249f53a85d7d14124') in 0.020517 seconds
Number of updated asset objects reloaded before import = 0
Number of asset objects unloaded after import = 1
========================================================================
Received Import Request.
  Time since last request: 0.000032 seconds.
  path: Assets/Photon/PhotonUnityNetworking/Demos/DemoHub/Scripts/ToDemoHubButton.cs
  artifactKey: Guid(f877c2f2d403a4d4f975fb1fd64fe7e8) Importer(2089858483,0ecaa5967403d082aa24f35e1b516d23)
Start importing Assets/Photon/PhotonUnityNetworking/Demos/DemoHub/Scripts/ToDemoHubButton.cs using Guid(f877c2f2d403a4d4f975fb1fd64fe7e8) Importer(2089858483,0ecaa5967403d082aa24f35e1b516d23) [PhysX] Initialized MultithreadedTaskDispatcher with 12 workers.
 -> (artifact id: 'fee8ccbfa1070a6c187acac67832018b') in 0.019603 seconds
Number of updated asset objects reloaded before import = 0
Number of asset objects unloaded after import = 1
========================================================================
Received Import Request.
  Time since last request: 0.000024 seconds.
  path: Assets/Photon/PhotonUnityNetworking/Demos/DemoProcedural/Scripts/ProceduralController.cs
  artifactKey: Guid(11937abc60ef5bc4796d4b3a3d273f83) Importer(2089858483,0ecaa5967403d082aa24f35e1b516d23)
Start importing Assets/Photon/PhotonUnityNetworking/Demos/DemoProcedural/Scripts/ProceduralController.cs using Guid(11937abc60ef5bc4796d4b3a3d273f83) Importer(2089858483,0ecaa5967403d082aa24f35e1b516d23) [PhysX] Initialized MultithreadedTaskDispatcher with 12 workers.
 -> (artifact id: '10eeea76138906784f9dfb07f346224d') in 0.018402 seconds
Number of updated asset objects reloaded before import = 0
Number of asset objects unloaded after import = 1
========================================================================
Received Import Request.
  Time since last request: 0.000032 seconds.
  path: Assets/Photon/PhotonUnityNetworking/Demos/DemoProcedural/Materials/Black.mat
  artifactKey: Guid(1598ff147655ecb4893e78f88baa9475) Importer(2089858483,0ecaa5967403d082aa24f35e1b516d23)
Start importing Assets/Photon/PhotonUnityNetworking/Demos/DemoProcedural/Materials/Black.mat using Guid(1598ff147655ecb4893e78f88baa9475) Importer(2089858483,0ecaa5967403d082aa24f35e1b516d23) [PhysX] Initialized MultithreadedTaskDispatcher with 12 workers.
 -> (artifact id: '97c974484a8afb029d0e8f3b636021fd') in 0.029012 seconds
Number of updated asset objects reloaded before import = 0
Number of asset objects unloaded after import = 1
========================================================================
Received Import Request.
  Time since last request: 0.000027 seconds.
  path: Assets/Photon/PhotonUnityNetworking/Demos/DemoSlotRacer/Resources/Player Controller.prefab
  artifactKey: Guid(c9248d8e58293473bb27cf2f5505f88b) Importer(2089858483,0ecaa5967403d082aa24f35e1b516d23)
Start importing Assets/Photon/PhotonUnityNetworking/Demos/DemoSlotRacer/Resources/Player Controller.prefab using Guid(c9248d8e58293473bb27cf2f5505f88b) Importer(2089858483,0ecaa5967403d082aa24f35e1b516d23) [PhysX] Initialized MultithreadedTaskDispatcher with 12 workers.
 -> (artifact id: 'cc478356831fc0d4c18e2693cf94b3d0') in 0.084878 seconds
Number of updated asset objects reloaded before import = 0
Number of asset objects unloaded after import = 307
========================================================================
Received Import Request.
  Time since last request: 0.000026 seconds.
  path: Assets/TextMesh Pro/Examples & Extras/Resources/Fonts & Materials/Electronic Highway Sign SDF.asset
  artifactKey: Guid(dc36b3fdc14f47ebb36fd484a67e268a) Importer(2089858483,0ecaa5967403d082aa24f35e1b516d23)
Start importing Assets/TextMesh Pro/Examples & Extras/Resources/Fonts & Materials/Electronic Highway Sign SDF.asset using Guid(dc36b3fdc14f47ebb36fd484a67e268a) Importer(2089858483,0ecaa5967403d082aa24f35e1b516d23) [PhysX] Initialized MultithreadedTaskDispatcher with 12 workers.
 -> (artifact id: 'b79818e2508a0dd8a0348d828a7c60c7') in 0.037236 seconds
Number of updated asset objects reloaded before import = 0
Number of asset objects unloaded after import = 5
========================================================================
Received Import Request.
  Time since last request: 0.000028 seconds.
  path: Assets/Photon/PhotonUnityNetworking/Demos/PunBasics-Tutorial/Materials/Red Beam.mat
  artifactKey: Guid(409bf720e9924426b9f253cf037a8f4e) Importer(2089858483,0ecaa5967403d082aa24f35e1b516d23)
Start importing Assets/Photon/PhotonUnityNetworking/Demos/PunBasics-Tutorial/Materials/Red Beam.mat using Guid(409bf720e9924426b9f253cf037a8f4e) Importer(2089858483,0ecaa5967403d082aa24f35e1b516d23) [PhysX] Initialized MultithreadedTaskDispatcher with 12 workers.
 -> (artifact id: 'b964576d63766457714470eec6db4282') in 0.054496 seconds
Number of updated asset objects reloaded before import = 0
Number of asset objects unloaded after import = 1
========================================================================
Received Import Request.
  Time since last request: 0.000027 seconds.
  path: Assets/Photon/PhotonUnityNetworking/Demos/DemoAsteroids/Prefabs/RoomListEntry.prefab
  artifactKey: Guid(03c5e15309335324fba99d68e38cb08b) Importer(2089858483,0ecaa5967403d082aa24f35e1b516d23)
Start importing Assets/Photon/PhotonUnityNetworking/Demos/DemoAsteroids/Prefabs/RoomListEntry.prefab using Guid(03c5e15309335324fba99d68e38cb08b) Importer(2089858483,0ecaa5967403d082aa24f35e1b516d23) [PhysX] Initialized MultithreadedTaskDispatcher with 12 workers.
 -> (artifact id: 'a4ef80112af66a094827105fca5c890b') in 0.043284 seconds
Number of updated asset objects reloaded before import = 0
Number of asset objects unloaded after import = 33
========================================================================
Received Import Request.
  Time since last request: 0.000032 seconds.
  path: Assets/Photon/PhotonUnityNetworking/Demos/DemoAsteroids/Models/FlyerAsteroidB.fbx
  artifactKey: Guid(757fc9771ce30dc468c775b392518d81) Importer(2089858483,0ecaa5967403d082aa24f35e1b516d23)
Start importing Assets/Photon/PhotonUnityNetworking/Demos/DemoAsteroids/Models/FlyerAsteroidB.fbx using Guid(757fc9771ce30dc468c775b392518d81) Importer(2089858483,0ecaa5967403d082aa24f35e1b516d23) [PhysX] Initialized MultithreadedTaskDispatcher with 12 workers.
 -> (artifact id: '4b187a1d10929a04eb804bb2a3703c56') in 0.029364 seconds
Number of updated asset objects reloaded before import = 0
Number of asset objects unloaded after import = 7
========================================================================
Received Import Request.
  Time since last request: 0.000035 seconds.
  path: Assets/TextMesh Pro/Examples & Extras/Scenes/21 - Script Example.unity
  artifactKey: Guid(50f52f9274434ecfb34dd87f0836f323) Importer(2089858483,0ecaa5967403d082aa24f35e1b516d23)
Start importing Assets/TextMesh Pro/Examples & Extras/Scenes/21 - Script Example.unity using Guid(50f52f9274434ecfb34dd87f0836f323) Importer(2089858483,0ecaa5967403d082aa24f35e1b516d23) [PhysX] Initialized MultithreadedTaskDispatcher with 12 workers.
 -> (artifact id: '8419262855725e185ff4db475a0b8900') in 0.018906 seconds
Number of updated asset objects reloaded before import = 0
Number of asset objects unloaded after import = 1
========================================================================
Received Import Request.
  Time since last request: 0.000028 seconds.
  path: Assets/Photon/PhotonUnityNetworking/Demos/PunCockpit/Forms/LoadLevelUIForm.cs
  artifactKey: Guid(f833cfc95509a49658fedf2e4cdc3a62) Importer(2089858483,0ecaa5967403d082aa24f35e1b516d23)
Start importing Assets/Photon/PhotonUnityNetworking/Demos/PunCockpit/Forms/LoadLevelUIForm.cs using Guid(f833cfc95509a49658fedf2e4cdc3a62) Importer(2089858483,0ecaa5967403d082aa24f35e1b516d23) [PhysX] Initialized MultithreadedTaskDispatcher with 12 workers.
 -> (artifact id: '7ab388533efb3cd1334ef12ebb27f05c') in 0.019638 seconds
Number of updated asset objects reloaded before import = 0
Number of asset objects unloaded after import = 1
========================================================================
Received Import Request.
  Time since last request: 0.000028 seconds.
  path: Assets/Photon/PhotonUnityNetworking/Demos/Shared Assets/Animations/HumanoidRunTurn.fbx
  artifactKey: Guid(1062212255550964e974f3ffb3cbaae3) Importer(2089858483,0ecaa5967403d082aa24f35e1b516d23)
Start importing Assets/Photon/PhotonUnityNetworking/Demos/Shared Assets/Animations/HumanoidRunTurn.fbx using Guid(1062212255550964e974f3ffb3cbaae3) Importer(2089858483,0ecaa5967403d082aa24f35e1b516d23) [PhysX] Initialized MultithreadedTaskDispatcher with 12 workers.
 -> (artifact id: 'a5854c901d99e9adc58c78bd27c06bfd') in 0.050180 seconds
Number of updated asset objects reloaded before import = 0
Number of asset objects unloaded after import = 184
========================================================================
Received Import Request.
  Time since last request: 0.000025 seconds.
  path: Assets/Photon/PhotonUnityNetworking/Demos/Shared Assets/Materials/UnitTextureRed.mat
  artifactKey: Guid(4c506c95d32f3494e9453ef5c0124b0e) Importer(2089858483,0ecaa5967403d082aa24f35e1b516d23)
Start importing Assets/Photon/PhotonUnityNetworking/Demos/Shared Assets/Materials/UnitTextureRed.mat using Guid(4c506c95d32f3494e9453ef5c0124b0e) Importer(2089858483,0ecaa5967403d082aa24f35e1b516d23) [PhysX] Initialized MultithreadedTaskDispatcher with 12 workers.
 -> (artifact id: '57a9baf6f749fcfa883c31e1a4fe1d52') in 0.042444 seconds
Number of updated asset objects reloaded before import = 0
Number of asset objects unloaded after import = 2
========================================================================
Received Import Request.
  Time since last request: 0.000037 seconds.
  path: Assets/Photon/PhotonUnityNetworking/Demos/PunCockpit/Scripts/ScoreHelper.cs
  artifactKey: Guid(5a92eafb6e3fe4390b50c3eefbcc0504) Importer(2089858483,0ecaa5967403d082aa24f35e1b516d23)
Start importing Assets/Photon/PhotonUnityNetworking/Demos/PunCockpit/Scripts/ScoreHelper.cs using Guid(5a92eafb6e3fe4390b50c3eefbcc0504) Importer(2089858483,0ecaa5967403d082aa24f35e1b516d23) [PhysX] Initialized MultithreadedTaskDispatcher with 12 workers.
 -> (artifact id: '3d45753cd4f15c03d8d51fa527665d11') in 0.019231 seconds
Number of updated asset objects reloaded before import = 0
Number of asset objects unloaded after import = 1
========================================================================
Received Import Request.
  Time since last request: 0.000024 seconds.
  path: Assets/Photon/PhotonUnityNetworking/Demos/PunBasics-Tutorial/Scripts/LoaderAnime.cs
  artifactKey: Guid(df9597db7c55c44e885b8f74697d5ba0) Importer(2089858483,0ecaa5967403d082aa24f35e1b516d23)
Start importing Assets/Photon/PhotonUnityNetworking/Demos/PunBasics-Tutorial/Scripts/LoaderAnime.cs using Guid(df9597db7c55c44e885b8f74697d5ba0) Importer(2089858483,0ecaa5967403d082aa24f35e1b516d23) [PhysX] Initialized MultithreadedTaskDispatcher with 12 workers.
 -> (artifact id: 'c41c13245e2f79a2c922dc1e509c691d') in 0.018202 seconds
Number of updated asset objects reloaded before import = 0
Number of asset objects unloaded after import = 1
========================================================================
Received Import Request.
  Time since last request: 0.000027 seconds.
  path: Assets/Photon/PhotonUnityNetworking/Demos/PunBasics-Tutorial/Materials/UnitTextureGreen12x.mat
  artifactKey: Guid(8c13ddd2bc8fa4e85943376cf7c8bf7d) Importer(2089858483,0ecaa5967403d082aa24f35e1b516d23)
Start importing Assets/Photon/PhotonUnityNetworking/Demos/PunBasics-Tutorial/Materials/UnitTextureGreen12x.mat using Guid(8c13ddd2bc8fa4e85943376cf7c8bf7d) Importer(2089858483,0ecaa5967403d082aa24f35e1b516d23) [PhysX] Initialized MultithreadedTaskDispatcher with 12 workers.
 -> (artifact id: '22843e7dcff553538423d01a95d9caf0') in 0.031274 seconds
Number of updated asset objects reloaded before import = 0
Number of asset objects unloaded after import = 2
========================================================================
Received Import Request.
  Time since last request: 0.000028 seconds.
  path: Assets/Photon/PhotonUnityNetworking/Demos/PunBasics-Tutorial/Scenes/PunBasics-Room for 3.unity
  artifactKey: Guid(e07afcca5bf1a41f5bd28f498656b7b8) Importer(2089858483,0ecaa5967403d082aa24f35e1b516d23)
Start importing Assets/Photon/PhotonUnityNetworking/Demos/PunBasics-Tutorial/Scenes/PunBasics-Room for 3.unity using Guid(e07afcca5bf1a41f5bd28f498656b7b8) Importer(2089858483,0ecaa5967403d082aa24f35e1b516d23) [PhysX] Initialized MultithreadedTaskDispatcher with 12 workers.
 -> (artifact id: '626cb57f60ddf857b9412c0b1faf6982') in 0.015046 seconds
Number of updated asset objects reloaded before import = 0
Number of asset objects unloaded after import = 1
========================================================================
Received Import Request.
  Time since last request: 0.000024 seconds.
  path: Assets/Photon/PhotonUnityNetworking/Demos/Shared Assets/Animator/ThirdPersonAnimatorController.controller
  artifactKey: Guid(e2cf68ff4b1ffda45a77f7307dd789b9) Importer(2089858483,0ecaa5967403d082aa24f35e1b516d23)
Start importing Assets/Photon/PhotonUnityNetworking/Demos/Shared Assets/Animator/ThirdPersonAnimatorController.controller using Guid(e2cf68ff4b1ffda45a77f7307dd789b9) Importer(2089858483,0ecaa5967403d082aa24f35e1b516d23) [PhysX] Initialized MultithreadedTaskDispatcher with 12 workers.
 -> (artifact id: '7591083e9e55dbf46b6901ecd5d0fe41') in 0.107051 seconds
Number of updated asset objects reloaded before import = 0
Number of asset objects unloaded after import = 40
========================================================================
Received Import Request.
  Time since last request: 0.000026 seconds.
  path: Assets/Photon/PhotonUnityNetworking/Demos/PunBasics-Tutorial/Prefabs/Player UI.prefab
  artifactKey: Guid(e41946a981c3b444a84d15eb7c608ca4) Importer(2089858483,0ecaa5967403d082aa24f35e1b516d23)
Start importing Assets/Photon/PhotonUnityNetworking/Demos/PunBasics-Tutorial/Prefabs/Player UI.prefab using Guid(e41946a981c3b444a84d15eb7c608ca4) Importer(2089858483,0ecaa5967403d082aa24f35e1b516d23) [PhysX] Initialized MultithreadedTaskDispatcher with 12 workers.
 -> (artifact id: 'd2f8a90ca2fed8970ab8fef12396f9c8') in 0.037774 seconds
Number of updated asset objects reloaded before import = 0
Number of asset objects unloaded after import = 28
========================================================================
Received Import Request.
  Time since last request: 0.000026 seconds.
  path: Assets/Photon/PhotonUnityNetworking/Demos/Shared Assets/Animations/HumanoidJumpAndFall.fbx
  artifactKey: Guid(51dd2e4c869794f75a0df7d54b210214) Importer(2089858483,0ecaa5967403d082aa24f35e1b516d23)
Start importing Assets/Photon/PhotonUnityNetworking/Demos/Shared Assets/Animations/HumanoidJumpAndFall.fbx using Guid(51dd2e4c869794f75a0df7d54b210214) Importer(2089858483,0ecaa5967403d082aa24f35e1b516d23) [PhysX] Initialized MultithreadedTaskDispatcher with 12 workers.
 -> (artifact id: 'afc833807f57f272eb85fc1282e69fe6') in 0.039504 seconds
Number of updated asset objects reloaded before import = 0
Number of asset objects unloaded after import = 160
========================================================================
Received Import Request.
  Time since last request: 0.000030 seconds.
  path: Assets/Photon/PhotonUnityNetworking/Demos/PunBasics-Tutorial/Prefabs/Demo Intro UI.prefab
  artifactKey: Guid(f773d1fa10a4f4e0d88490eab5d5b46d) Importer(2089858483,0ecaa5967403d082aa24f35e1b516d23)
Start importing Assets/Photon/PhotonUnityNetworking/Demos/PunBasics-Tutorial/Prefabs/Demo Intro UI.prefab using Guid(f773d1fa10a4f4e0d88490eab5d5b46d) Importer(2089858483,0ecaa5967403d082aa24f35e1b516d23) [PhysX] Initialized MultithreadedTaskDispatcher with 12 workers.
 -> (artifact id: 'f36e43b8221380da8c1adbaad6bc9cb4') in 0.043618 seconds
Number of updated asset objects reloaded before import = 0
Number of asset objects unloaded after import = 21
========================================================================
Received Import Request.
  Time since last request: 0.000027 seconds.
  path: Assets/Photon/PhotonUnityNetworking/Demos/Shared Assets/Animations/HumanoidCrouch.fbx
  artifactKey: Guid(d89ea37480b6d75458aa38843e9688dc) Importer(2089858483,0ecaa5967403d082aa24f35e1b516d23)
Start importing Assets/Photon/PhotonUnityNetworking/Demos/Shared Assets/Animations/HumanoidCrouch.fbx using Guid(d89ea37480b6d75458aa38843e9688dc) Importer(2089858483,0ecaa5967403d082aa24f35e1b516d23) [PhysX] Initialized MultithreadedTaskDispatcher with 12 workers.
 -> (artifact id: '90a3e02a83a6691666ee541814bbdf4a') in 0.051726 seconds
Number of updated asset objects reloaded before import = 0
Number of asset objects unloaded after import = 163
========================================================================
Received Import Request.
  Time since last request: 0.000026 seconds.
  path: Assets/Photon/PhotonUnityNetworking/Demos/PunBasics-Tutorial/Prefabs/Game Manager.prefab
  artifactKey: Guid(b7fe671fa5d4d4772a4b20715fb9b0ff) Importer(2089858483,0ecaa5967403d082aa24f35e1b516d23)
Start importing Assets/Photon/PhotonUnityNetworking/Demos/PunBasics-Tutorial/Prefabs/Game Manager.prefab using Guid(b7fe671fa5d4d4772a4b20715fb9b0ff) Importer(2089858483,0ecaa5967403d082aa24f35e1b516d23) [PhysX] Initialized MultithreadedTaskDispatcher with 12 workers.
 -> (artifact id: '4ed094b917c6e01ed5c31566a65c2060') in 0.031437 seconds
Number of updated asset objects reloaded before import = 0
Number of asset objects unloaded after import = 157
========================================================================
Received Import Request.
  Time since last request: 0.000022 seconds.
  path: Assets/Photon/PhotonUnityNetworking/Demos/Shared Assets/Skin/BoxText.png
  artifactKey: Guid(761ff1491b1f86c4d924261c553ac9cc) Importer(2089858483,0ecaa5967403d082aa24f35e1b516d23)
Start importing Assets/Photon/PhotonUnityNetworking/Demos/Shared Assets/Skin/BoxText.png using Guid(761ff1491b1f86c4d924261c553ac9cc) Importer(2089858483,0ecaa5967403d082aa24f35e1b516d23) [PhysX] Initialized MultithreadedTaskDispatcher with 12 workers.
 -> (artifact id: '8e78ce70b2548e690d8c2f25156c7c44') in 0.033284 seconds
Number of updated asset objects reloaded before import = 0
Number of asset objects unloaded after import = 1
========================================================================
Received Import Request.
  Time since last request: 0.000026 seconds.
  path: Assets/Photon/PhotonUnityNetworking/Demos/Shared Assets/Prefabs/PointerPrefab.prefab
  artifactKey: Guid(9c6977a9ecda14e4e96ea3a71c749c2c) Importer(2089858483,0ecaa5967403d082aa24f35e1b516d23)
Start importing Assets/Photon/PhotonUnityNetworking/Demos/Shared Assets/Prefabs/PointerPrefab.prefab using Guid(9c6977a9ecda14e4e96ea3a71c749c2c) Importer(2089858483,0ecaa5967403d082aa24f35e1b516d23) [PhysX] Initialized MultithreadedTaskDispatcher with 12 workers.
 -> (artifact id: '96949f8814763fdc1fcb80995e9fa10b') in 0.039656 seconds
Number of updated asset objects reloaded before import = 0
Number of asset objects unloaded after import = 7
========================================================================
Received Import Request.
  Time since last request: 0.000027 seconds.
  path: Assets/Photon/PhotonUnityNetworking/Demos/Shared Assets/Textures/UnitTextureRed.png
  artifactKey: Guid(9349ff1a2d6d7804486fef5d7c3a67de) Importer(2089858483,0ecaa5967403d082aa24f35e1b516d23)
Start importing Assets/Photon/PhotonUnityNetworking/Demos/Shared Assets/Textures/UnitTextureRed.png using Guid(9349ff1a2d6d7804486fef5d7c3a67de) Importer(2089858483,0ecaa5967403d082aa24f35e1b516d23) [PhysX] Initialized MultithreadedTaskDispatcher with 12 workers.
 -> (artifact id: 'ad51e82c4a64f526f62a574fe626061b') in 0.037869 seconds
Number of updated asset objects reloaded before import = 0
Number of asset objects unloaded after import = 1
========================================================================
Received Import Request.
  Time since last request: 0.000034 seconds.
  path: Assets/Photon/PhotonUnityNetworking/Demos/Shared Assets/Skin/BoxTextHover.png
  artifactKey: Guid(13154691f37c1884c865b54d8bd29d6e) Importer(2089858483,0ecaa5967403d082aa24f35e1b516d23)
Start importing Assets/Photon/PhotonUnityNetworking/Demos/Shared Assets/Skin/BoxTextHover.png using Guid(13154691f37c1884c865b54d8bd29d6e) Importer(2089858483,0ecaa5967403d082aa24f35e1b516d23) [PhysX] Initialized MultithreadedTaskDispatcher with 12 workers.
 -> (artifact id: '167787593d7a0e5a40926e327dbf97a9') in 0.031457 seconds
Number of updated asset objects reloaded before import = 0
Number of asset objects unloaded after import = 1
========================================================================
Received Import Request.
  Time since last request: 0.000024 seconds.
  path: Assets/Photon/PhotonUnityNetworking/Demos/DemoAsteroids/Models/Materials/SpaceshipGlow.mat
  artifactKey: Guid(609dbe3d30c4bf84ca15ce89479d7919) Importer(2089858483,0ecaa5967403d082aa24f35e1b516d23)
Start importing Assets/Photon/PhotonUnityNetworking/Demos/DemoAsteroids/Models/Materials/SpaceshipGlow.mat using Guid(609dbe3d30c4bf84ca15ce89479d7919) Importer(2089858483,0ecaa5967403d082aa24f35e1b516d23) [PhysX] Initialized MultithreadedTaskDispatcher with 12 workers.
 -> (artifact id: '74fa5b760c51715e806accab82d6fcc0') in 0.029299 seconds
Number of updated asset objects reloaded before import = 0
Number of asset objects unloaded after import = 1
========================================================================
Received Import Request.
  Time since last request: 0.000025 seconds.
  path: Assets/Photon/PhotonUnityNetworking/Demos/Shared Assets/Textures/Robot_Normal.png
  artifactKey: Guid(a1454d7237641fa49a7f66d6bee624ad) Importer(2089858483,0ecaa5967403d082aa24f35e1b516d23)
Start importing Assets/Photon/PhotonUnityNetworking/Demos/Shared Assets/Textures/Robot_Normal.png using Guid(a1454d7237641fa49a7f66d6bee624ad) Importer(2089858483,0ecaa5967403d082aa24f35e1b516d23) [PhysX] Initialized MultithreadedTaskDispatcher with 12 workers.
 -> (artifact id: 'bd915c44ba534f77bcc429afcfb8c4df') in 0.025812 seconds
Number of updated asset objects reloaded before import = 0
Number of asset objects unloaded after import = 1
========================================================================
Received Import Request.
  Time since last request: 0.000029 seconds.
  path: Assets/Photon/PhotonUnityNetworking/UtilityScripts/PhotonPlayer/Editor/PhotonTeamsManagerInspector.cs
  artifactKey: Guid(8cb74f08e3fc52942a0d8557772bf4dc) Importer(2089858483,0ecaa5967403d082aa24f35e1b516d23)
Start importing Assets/Photon/PhotonUnityNetworking/UtilityScripts/PhotonPlayer/Editor/PhotonTeamsManagerInspector.cs using Guid(8cb74f08e3fc52942a0d8557772bf4dc) Importer(2089858483,0ecaa5967403d082aa24f35e1b516d23) [PhysX] Initialized MultithreadedTaskDispatcher with 12 workers.
 -> (artifact id: 'e29df9f9ceda57a184778c63bd1fb00a') in 0.015650 seconds
Number of updated asset objects reloaded before import = 0
Number of asset objects unloaded after import = 1
========================================================================
Received Import Request.
  Time since last request: 0.000026 seconds.
  path: Assets/Photon/PhotonUnityNetworking/Demos/Shared Assets/Skin/Jura-Medium.ttf
  artifactKey: Guid(e00995507c2406448b4c8429136104dd) Importer(2089858483,0ecaa5967403d082aa24f35e1b516d23)
Start importing Assets/Photon/PhotonUnityNetworking/Demos/Shared Assets/Skin/Jura-Medium.ttf using Guid(e00995507c2406448b4c8429136104dd) Importer(2089858483,0ecaa5967403d082aa24f35e1b516d23) [PhysX] Initialized MultithreadedTaskDispatcher with 12 workers.
 -> (artifact id: '747ed92abae72e70f8d1e75a3b9bd9b8') in 0.019814 seconds
Number of updated asset objects reloaded before import = 0
Number of asset objects unloaded after import = 3
========================================================================
Received Import Request.
  Time since last request: 0.000030 seconds.
  path: Assets/Photon/PhotonUnityNetworking/Demos/Shared Assets/Skin/RoundedBox.png
  artifactKey: Guid(9b2eedba1e3057e4b998cdef3d448105) Importer(2089858483,0ecaa5967403d082aa24f35e1b516d23)
Start importing Assets/Photon/PhotonUnityNetworking/Demos/Shared Assets/Skin/RoundedBox.png using Guid(9b2eedba1e3057e4b998cdef3d448105) Importer(2089858483,0ecaa5967403d082aa24f35e1b516d23) [PhysX] Initialized MultithreadedTaskDispatcher with 12 workers.
 -> (artifact id: 'dd9c910aa975ed5bd0c9491fd3685f4a') in 0.035711 seconds
Number of updated asset objects reloaded before import = 0
Number of asset objects unloaded after import = 1
========================================================================
Received Import Request.
  Time since last request: 0.000026 seconds.
  path: Assets/Photon/PhotonUnityNetworking/Demos/Shared Assets/Skin/BoxBright.png
  artifactKey: Guid(ab6d288fac925ae48bbeb5e02d83dce3) Importer(2089858483,0ecaa5967403d082aa24f35e1b516d23)
Start importing Assets/Photon/PhotonUnityNetworking/Demos/Shared Assets/Skin/BoxBright.png using Guid(ab6d288fac925ae48bbeb5e02d83dce3) Importer(2089858483,0ecaa5967403d082aa24f35e1b516d23) [PhysX] Initialized MultithreadedTaskDispatcher with 12 workers.
 -> (artifact id: 'be3388822a4ecc3086d79814779375ba') in 0.037297 seconds
Number of updated asset objects reloaded before import = 0
Number of asset objects unloaded after import = 1
========================================================================
Received Import Request.
  Time since last request: 0.000029 seconds.
  path: Assets/Photon/PhotonUnityNetworking/UtilityScripts/PhotonPlayer/Editor/PhotonUnityNetworking.Utilities.PhotonPlayer.Editor.asmdef
  artifactKey: Guid(7024f760fc566cf45a16d2c838e22b2d) Importer(2089858483,0ecaa5967403d082aa24f35e1b516d23)
Start importing Assets/Photon/PhotonUnityNetworking/UtilityScripts/PhotonPlayer/Editor/PhotonUnityNetworking.Utilities.PhotonPlayer.Editor.asmdef using Guid(7024f760fc566cf45a16d2c838e22b2d) Importer(2089858483,0ecaa5967403d082aa24f35e1b516d23) [PhysX] Initialized MultithreadedTaskDispatcher with 12 workers.
 -> (artifact id: '4f59c4699fdba54d5d40303764c14731') in 0.026099 seconds
Number of updated asset objects reloaded before import = 0
Number of asset objects unloaded after import = 1
========================================================================
Received Import Request.
  Time since last request: 0.000032 seconds.
  path: Assets/Photon/PhotonUnityNetworking/Demos/Shared Assets/Skin/3dText.shader
  artifactKey: Guid(953d6c4c7f7ec324d860efb0db9c68ff) Importer(2089858483,0ecaa5967403d082aa24f35e1b516d23)
Start importing Assets/Photon/PhotonUnityNetworking/Demos/Shared Assets/Skin/3dText.shader using Guid(953d6c4c7f7ec324d860efb0db9c68ff) Importer(2089858483,0ecaa5967403d082aa24f35e1b516d23) [PhysX] Initialized MultithreadedTaskDispatcher with 12 workers.
 -> (artifact id: 'dd28b124bce44cde386c58821d4bd4fc') in 0.017747 seconds
Number of updated asset objects reloaded before import = 0
Number of asset objects unloaded after import = 1
========================================================================
Received Import Request.
  Time since last request: 0.000054 seconds.
  path: Assets/Photon/PhotonUnityNetworking/Demos/PunBasics-Tutorial/Materials/UnitTextureRed12x.mat
  artifactKey: Guid(3f171282ef46c4fbea54d9ab581fcb83) Importer(2089858483,0ecaa5967403d082aa24f35e1b516d23)
Start importing Assets/Photon/PhotonUnityNetworking/Demos/PunBasics-Tutorial/Materials/UnitTextureRed12x.mat using Guid(3f171282ef46c4fbea54d9ab581fcb83) Importer(2089858483,0ecaa5967403d082aa24f35e1b516d23) [PhysX] Initialized MultithreadedTaskDispatcher with 12 workers.
 -> (artifact id: '8ff79b7a9368579d766368fc71fbdced') in 0.026782 seconds
Number of updated asset objects reloaded before import = 0
Number of asset objects unloaded after import = 2
========================================================================
Received Import Request.
  Time since last request: 0.000027 seconds.
  path: Assets/Photon/PhotonUnityNetworking/UtilityScripts/UI/TextToggleIsOnTransition.cs
  artifactKey: Guid(ec99d371d7c8e44899ce4b834dfd4d6a) Importer(2089858483,0ecaa5967403d082aa24f35e1b516d23)
Start importing Assets/Photon/PhotonUnityNetworking/UtilityScripts/UI/TextToggleIsOnTransition.cs using Guid(ec99d371d7c8e44899ce4b834dfd4d6a) Importer(2089858483,0ecaa5967403d082aa24f35e1b516d23) [PhysX] Initialized MultithreadedTaskDispatcher with 12 workers.
 -> (artifact id: 'd34b9c90d578e438e376b5d78f30bb3c') in 0.018640 seconds
Number of updated asset objects reloaded before import = 0
Number of asset objects unloaded after import = 1
========================================================================
Received Import Request.
  Time since last request: 0.000031 seconds.
  path: Assets/Photon/PhotonUnityNetworking/UtilityScripts/Debugging/PhotonLagSimulationGui.cs
  artifactKey: Guid(5867a53c8db0e6745818285bb6b6e1b9) Importer(2089858483,0ecaa5967403d082aa24f35e1b516d23)
Start importing Assets/Photon/PhotonUnityNetworking/UtilityScripts/Debugging/PhotonLagSimulationGui.cs using Guid(5867a53c8db0e6745818285bb6b6e1b9) Importer(2089858483,0ecaa5967403d082aa24f35e1b516d23) [PhysX] Initialized MultithreadedTaskDispatcher with 12 workers.
 -> (artifact id: '2474d4084357612d8f17f60cf307a779') in 0.018562 seconds
Number of updated asset objects reloaded before import = 0
Number of asset objects unloaded after import = 1
========================================================================
Received Import Request.
  Time since last request: 0.000034 seconds.
  path: Assets/TextMesh Pro/Examples & Extras/Resources/Fonts & Materials/LiberationSans SDF - Overlay.mat
  artifactKey: Guid(9ad269c99dcf42b7aedefd83dd5a7b9d) Importer(2089858483,0ecaa5967403d082aa24f35e1b516d23)
Start importing Assets/TextMesh Pro/Examples & Extras/Resources/Fonts & Materials/LiberationSans SDF - Overlay.mat using Guid(9ad269c99dcf42b7aedefd83dd5a7b9d) Importer(2089858483,0ecaa5967403d082aa24f35e1b516d23) [PhysX] Initialized MultithreadedTaskDispatcher with 12 workers.
 -> (artifact id: '0270a6d1926141705447b3ee112f9bef') in 0.043924 seconds
Number of updated asset objects reloaded before import = 0
Number of asset objects unloaded after import = 2
========================================================================
Received Import Request.
  Time since last request: 0.000023 seconds.
  path: Assets/Photon/PhotonUnityNetworking/Demos/DemoAsteroids/Scripts/Game/PlayerOverviewPanel.cs
  artifactKey: Guid(b579f4077cd5953489882224d803b137) Importer(2089858483,0ecaa5967403d082aa24f35e1b516d23)
Start importing Assets/Photon/PhotonUnityNetworking/Demos/DemoAsteroids/Scripts/Game/PlayerOverviewPanel.cs using Guid(b579f4077cd5953489882224d803b137) Importer(2089858483,0ecaa5967403d082aa24f35e1b516d23) [PhysX] Initialized MultithreadedTaskDispatcher with 12 workers.
 -> (artifact id: 'd6441ba49d91a66fdbae83b766f58654') in 0.019281 seconds
Number of updated asset objects reloaded before import = 0
Number of asset objects unloaded after import = 1
========================================================================
Received Import Request.
  Time since last request: 0.000034 seconds.
  path: Assets/Photon/PhotonUnityNetworking/Demos/PunCockpit/Scripts/Lists/PlayerListCell.cs
  artifactKey: Guid(0170261016c824eebb6c78e47e0b9ea0) Importer(2089858483,0ecaa5967403d082aa24f35e1b516d23)
Start importing Assets/Photon/PhotonUnityNetworking/Demos/PunCockpit/Scripts/Lists/PlayerListCell.cs using Guid(0170261016c824eebb6c78e47e0b9ea0) Importer(2089858483,0ecaa5967403d082aa24f35e1b516d23) [PhysX] Initialized MultithreadedTaskDispatcher with 12 workers.
 -> (artifact id: 'aab2cff0cbf2d3eb32d15c5ea32c7609') in 0.017137 seconds
Number of updated asset objects reloaded before import = 0
Number of asset objects unloaded after import = 1
========================================================================
Received Import Request.
  Time since last request: 0.000024 seconds.
  path: Assets/Photon/PhotonUnityNetworking/Demos/PunCockpit/Scripts/Autonomous UI/GameVersionField.cs
  artifactKey: Guid(74b76e97b5bf042e3b0a981241bce379) Importer(2089858483,0ecaa5967403d082aa24f35e1b516d23)
Start importing Assets/Photon/PhotonUnityNetworking/Demos/PunCockpit/Scripts/Autonomous UI/GameVersionField.cs using Guid(74b76e97b5bf042e3b0a981241bce379) Importer(2089858483,0ecaa5967403d082aa24f35e1b516d23) [PhysX] Initialized MultithreadedTaskDispatcher with 12 workers.
 -> (artifact id: 'f776b7e800840a0a97411c7e68b3a2ca') in 0.016220 seconds
Number of updated asset objects reloaded before import = 0
Number of asset objects unloaded after import = 1
========================================================================
Received Import Request.
  Time since last request: 0.000025 seconds.
  path: Assets/Photon/PhotonUnityNetworking/Demos/PunCockpit/Scripts/ReadOnlyProperties/CountOfRoomsProperty.cs
  artifactKey: Guid(8da0abdf8617d4c76bc84fc49e21c53b) Importer(2089858483,0ecaa5967403d082aa24f35e1b516d23)
Start importing Assets/Photon/PhotonUnityNetworking/Demos/PunCockpit/Scripts/ReadOnlyProperties/CountOfRoomsProperty.cs using Guid(8da0abdf8617d4c76bc84fc49e21c53b) Importer(2089858483,0ecaa5967403d082aa24f35e1b516d23) [PhysX] Initialized MultithreadedTaskDispatcher with 12 workers.
 -> (artifact id: 'b40fd09f52dc5ab7d9dfaa34cf5bad1d') in 0.018495 seconds
Number of updated asset objects reloaded before import = 0
Number of asset objects unloaded after import = 1
========================================================================
Received Import Request.
  Time since last request: 0.000026 seconds.
  path: Assets/Photon/PhotonUnityNetworking/Demos/PunCockpit/Scripts/ReadOnlyProperties/CurrentRoomIsOfflineProperty.cs
  artifactKey: Guid(e2e2a33f898da45eb9d44ea357e325db) Importer(2089858483,0ecaa5967403d082aa24f35e1b516d23)
Start importing Assets/Photon/PhotonUnityNetworking/Demos/PunCockpit/Scripts/ReadOnlyProperties/CurrentRoomIsOfflineProperty.cs using Guid(e2e2a33f898da45eb9d44ea357e325db) Importer(2089858483,0ecaa5967403d082aa24f35e1b516d23) [PhysX] Initialized MultithreadedTaskDispatcher with 12 workers.
 -> (artifact id: '8701418c5fbcc2179c12c0680c6f3130') in 0.015861 seconds
Number of updated asset objects reloaded before import = 0
Number of asset objects unloaded after import = 1
========================================================================
Received Import Request.
  Time since last request: 0.000026 seconds.
  path: Assets/Photon/PhotonUnityNetworking/Demos/DemoSlotRacer/Scripts/BezierCurve/SplineWalker.cs
  artifactKey: Guid(541a76f9c03874323b5154b14ac00427) Importer(2089858483,0ecaa5967403d082aa24f35e1b516d23)
Start importing Assets/Photon/PhotonUnityNetworking/Demos/DemoSlotRacer/Scripts/BezierCurve/SplineWalker.cs using Guid(541a76f9c03874323b5154b14ac00427) Importer(2089858483,0ecaa5967403d082aa24f35e1b516d23) [PhysX] Initialized MultithreadedTaskDispatcher with 12 workers.
 -> (artifact id: '2d0e9c79813a3d509f7ebaf95d41e0e3') in 0.019767 seconds
Number of updated asset objects reloaded before import = 0
Number of asset objects unloaded after import = 1
========================================================================
Received Import Request.
  Time since last request: 0.000038 seconds.
  path: Assets/Photon/PhotonUnityNetworking/Demos/PunCockpit/Scripts/Lists/FriendListCell.cs
  artifactKey: Guid(b7be18b2f537f4428b8e4cd92373a1e0) Importer(2089858483,0ecaa5967403d082aa24f35e1b516d23)
Start importing Assets/Photon/PhotonUnityNetworking/Demos/PunCockpit/Scripts/Lists/FriendListCell.cs using Guid(b7be18b2f537f4428b8e4cd92373a1e0) Importer(2089858483,0ecaa5967403d082aa24f35e1b516d23) [PhysX] Initialized MultithreadedTaskDispatcher with 12 workers.
 -> (artifact id: 'd145a6180ed85e3cf1500b075c3a3d3e') in 0.019608 seconds
Number of updated asset objects reloaded before import = 0
Number of asset objects unloaded after import = 1
========================================================================
Received Import Request.
  Time since last request: 0.000050 seconds.
  path: Assets/Photon/PhotonUnityNetworking/Demos/PunCockpit/Scripts/Autonomous UI/NickNameField.cs
  artifactKey: Guid(ea425f69fa0f244a79a3514a6d64cab2) Importer(2089858483,0ecaa5967403d082aa24f35e1b516d23)
Start importing Assets/Photon/PhotonUnityNetworking/Demos/PunCockpit/Scripts/Autonomous UI/NickNameField.cs using Guid(ea425f69fa0f244a79a3514a6d64cab2) Importer(2089858483,0ecaa5967403d082aa24f35e1b516d23) [PhysX] Initialized MultithreadedTaskDispatcher with 12 workers.
 -> (artifact id: '93334b28cadc50af9ea7743cb20b22e4') in 0.017301 seconds
Number of updated asset objects reloaded before import = 0
Number of asset objects unloaded after import = 1
========================================================================
Received Import Request.
  Time since last request: 0.000024 seconds.
  path: Assets/Photon/PhotonUnityNetworking/Demos/PunCockpit/Scripts/ReadOnlyProperties/AppVersionProperty.cs
  artifactKey: Guid(cd20e7aa24847434aae5f175732ef601) Importer(2089858483,0ecaa5967403d082aa24f35e1b516d23)
Start importing Assets/Photon/PhotonUnityNetworking/Demos/PunCockpit/Scripts/ReadOnlyProperties/AppVersionProperty.cs using Guid(cd20e7aa24847434aae5f175732ef601) Importer(2089858483,0ecaa5967403d082aa24f35e1b516d23) [PhysX] Initialized MultithreadedTaskDispatcher with 12 workers.
 -> (artifact id: '955765a6c78e001acb1076b68d417324') in 0.021041 seconds
Number of updated asset objects reloaded before import = 0
Number of asset objects unloaded after import = 1
========================================================================
Received Import Request.
  Time since last request: 0.000035 seconds.
  path: Assets/Photon/PhotonUnityNetworking/Demos/PunCockpit/Scripts/Autonomous UI/LayoutElementMatchSize.cs
  artifactKey: Guid(3ec618017b87f49b4a2bfc6a0a0bff3d) Importer(2089858483,0ecaa5967403d082aa24f35e1b516d23)
Start importing Assets/Photon/PhotonUnityNetworking/Demos/PunCockpit/Scripts/Autonomous UI/LayoutElementMatchSize.cs using Guid(3ec618017b87f49b4a2bfc6a0a0bff3d) Importer(2089858483,0ecaa5967403d082aa24f35e1b516d23) [PhysX] Initialized MultithreadedTaskDispatcher with 12 workers.
 -> (artifact id: '1a39096ecabfd1f4bbe92c796a2c433c') in 0.019258 seconds
Number of updated asset objects reloaded before import = 0
Number of asset objects unloaded after import = 1
========================================================================
Received Import Request.
  Time since last request: 0.000029 seconds.
  path: Assets/Photon/PhotonUnityNetworking/Demos/PunCockpit/Scripts/Autonomous UI/BackgroundTimeOutField.cs
  artifactKey: Guid(44aff3084c8664497aa6048e66e71a7c) Importer(2089858483,0ecaa5967403d082aa24f35e1b516d23)
Start importing Assets/Photon/PhotonUnityNetworking/Demos/PunCockpit/Scripts/Autonomous UI/BackgroundTimeOutField.cs using Guid(44aff3084c8664497aa6048e66e71a7c) Importer(2089858483,0ecaa5967403d082aa24f35e1b516d23) [PhysX] Initialized MultithreadedTaskDispatcher with 12 workers.
 -> (artifact id: '45596f7db21f65bab3f489da164ab083') in 0.019303 seconds
Number of updated asset objects reloaded before import = 0
Number of asset objects unloaded after import = 1
========================================================================
Received Import Request.
  Time since last request: 0.000027 seconds.
  path: Assets/Photon/PhotonUnityNetworking/Demos/PunCockpit/Scripts/ReadOnlyProperties/CurrentRoomMasterClientIdProperty.cs
  artifactKey: Guid(ded3411e394ba4dcc82f3b6e25871839) Importer(2089858483,0ecaa5967403d082aa24f35e1b516d23)
Start importing Assets/Photon/PhotonUnityNetworking/Demos/PunCockpit/Scripts/ReadOnlyProperties/CurrentRoomMasterClientIdProperty.cs using Guid(ded3411e394ba4dcc82f3b6e25871839) Importer(2089858483,0ecaa5967403d082aa24f35e1b516d23) [PhysX] Initialized MultithreadedTaskDispatcher with 12 workers.
 -> (artifact id: 'ecd551a99e9f88b1f48a4fb15f5156b5') in 0.018969 seconds
Number of updated asset objects reloaded before import = 0
Number of asset objects unloaded after import = 1
========================================================================
Received Import Request.
  Time since last request: 0.000025 seconds.
  path: Assets/Photon/PhotonUnityNetworking/Demos/PunCockpit/Scripts/ReadOnlyProperties/CountOfPlayersInRoomProperty.cs
  artifactKey: Guid(efbb55080baae4567af10254c267900c) Importer(2089858483,0ecaa5967403d082aa24f35e1b516d23)
Start importing Assets/Photon/PhotonUnityNetworking/Demos/PunCockpit/Scripts/ReadOnlyProperties/CountOfPlayersInRoomProperty.cs using Guid(efbb55080baae4567af10254c267900c) Importer(2089858483,0ecaa5967403d082aa24f35e1b516d23) [PhysX] Initialized MultithreadedTaskDispatcher with 12 workers.
 -> (artifact id: 'b8f7f239f1f23f9ba93d0c889f64f7c0') in 0.019463 seconds
Number of updated asset objects reloaded before import = 0
Number of asset objects unloaded after import = 1
========================================================================
Received Import Request.
  Time since last request: 0.000027 seconds.
  path: Assets/Photon/PhotonUnityNetworking/Demos/DemoAsteroids/Scripts/Game/AsteroidsGameManager.cs
  artifactKey: Guid(86aba39379844aa428b0d3c0a3d92534) Importer(2089858483,0ecaa5967403d082aa24f35e1b516d23)
Start importing Assets/Photon/PhotonUnityNetworking/Demos/DemoAsteroids/Scripts/Game/AsteroidsGameManager.cs using Guid(86aba39379844aa428b0d3c0a3d92534) Importer(2089858483,0ecaa5967403d082aa24f35e1b516d23) [PhysX] Initialized MultithreadedTaskDispatcher with 12 workers.
 -> (artifact id: 'ffbb50e930acbe9004a1fa1d95293c17') in 0.021691 seconds
Number of updated asset objects reloaded before import = 0
Number of asset objects unloaded after import = 1
========================================================================
Received Import Request.
  Time since last request: 0.000028 seconds.
  path: Assets/Photon/PhotonUnityNetworking/Demos/DemoAsteroids/Scripts/Lobby/LobbyTopPanel.cs
  artifactKey: Guid(fe0a55ef565e3984f8866c5c91e3c2fd) Importer(2089858483,0ecaa5967403d082aa24f35e1b516d23)
Start importing Assets/Photon/PhotonUnityNetworking/Demos/DemoAsteroids/Scripts/Lobby/LobbyTopPanel.cs using Guid(fe0a55ef565e3984f8866c5c91e3c2fd) Importer(2089858483,0ecaa5967403d082aa24f35e1b516d23) [PhysX] Initialized MultithreadedTaskDispatcher with 12 workers.
 -> (artifact id: '3e45f6c6de7afa55e976774d4f6c3bdb') in 0.020245 seconds
Number of updated asset objects reloaded before import = 0
Number of asset objects unloaded after import = 1
========================================================================
Received Import Request.
  Time since last request: 0.000043 seconds.
  path: Assets/Photon/PhotonUnityNetworking/Demos/DemoSlotRacer/Scripts/BezierCurve/BezierControlPointMode.cs
  artifactKey: Guid(1c78ec24cea4e478bb35a5ce401fa7a6) Importer(2089858483,0ecaa5967403d082aa24f35e1b516d23)
Start importing Assets/Photon/PhotonUnityNetworking/Demos/DemoSlotRacer/Scripts/BezierCurve/BezierControlPointMode.cs using Guid(1c78ec24cea4e478bb35a5ce401fa7a6) Importer(2089858483,0ecaa5967403d082aa24f35e1b516d23) [PhysX] Initialized MultithreadedTaskDispatcher with 12 workers.
 -> (artifact id: 'e9b8b06f1d8402943b9d99a64e697e80') in 0.018501 seconds
Number of updated asset objects reloaded before import = 0
Number of asset objects unloaded after import = 1
========================================================================
Received Import Request.
  Time since last request: 0.000024 seconds.
  path: Assets/Photon/PhotonUnityNetworking/Demos/PunCockpit/Scripts/Lists/RoomListCell.cs
  artifactKey: Guid(347470b28bdc940a9b92930118dbc7e0) Importer(2089858483,0ecaa5967403d082aa24f35e1b516d23)
Start importing Assets/Photon/PhotonUnityNetworking/Demos/PunCockpit/Scripts/Lists/RoomListCell.cs using Guid(347470b28bdc940a9b92930118dbc7e0) Importer(2089858483,0ecaa5967403d082aa24f35e1b516d23) [PhysX] Initialized MultithreadedTaskDispatcher with 12 workers.
 -> (artifact id: '1f5ab6cb8640b20b735633ecbd665e46') in 0.020090 seconds
Number of updated asset objects reloaded before import = 0
Number of asset objects unloaded after import = 1
========================================================================
Received Import Request.
  Time since last request: 0.000042 seconds.
  path: Assets/TextMesh Pro/Examples & Extras/Resources/Fonts & Materials/Anton SDF - Outline.mat
  artifactKey: Guid(a00013af81304728b2be1f4309ee2433) Importer(2089858483,0ecaa5967403d082aa24f35e1b516d23)
Start importing Assets/TextMesh Pro/Examples & Extras/Resources/Fonts & Materials/Anton SDF - Outline.mat using Guid(a00013af81304728b2be1f4309ee2433) Importer(2089858483,0ecaa5967403d082aa24f35e1b516d23) [PhysX] Initialized MultithreadedTaskDispatcher with 12 workers.
 -> (artifact id: '7117f5f661d5e3907941d76c9b7dd6cc') in 0.031189 seconds
Number of updated asset objects reloaded before import = 0
Number of asset objects unloaded after import = 2
========================================================================
Received Import Request.
  Time since last request: 0.000029 seconds.
  path: Assets/Photon/PhotonUnityNetworking/Demos/PunBasics-Tutorial/Scenes/PunBasics-Room for 4.unity
  artifactKey: Guid(e7a7f9734636d415ca84ef3aaf7680f6) Importer(2089858483,0ecaa5967403d082aa24f35e1b516d23)
Start importing Assets/Photon/PhotonUnityNetworking/Demos/PunBasics-Tutorial/Scenes/PunBasics-Room for 4.unity using Guid(e7a7f9734636d415ca84ef3aaf7680f6) Importer(2089858483,0ecaa5967403d082aa24f35e1b516d23) [PhysX] Initialized MultithreadedTaskDispatcher with 12 workers.
 -> (artifact id: '49f3dbc78e656a74b2f6de1a6d6723e5') in 0.016929 seconds
Number of updated asset objects reloaded before import = 0
Number of asset objects unloaded after import = 1
========================================================================
Received Import Request.
  Time since last request: 0.000047 seconds.
  path: Assets/TextMesh Pro/Examples & Extras/Textures/Fruit Jelly (B&W).jpg
  artifactKey: Guid(1cdc5b506b1a4a33a53c30669ced1f51) Importer(2089858483,0ecaa5967403d082aa24f35e1b516d23)
Start importing Assets/TextMesh Pro/Examples & Extras/Textures/Fruit Jelly (B&W).jpg using Guid(1cdc5b506b1a4a33a53c30669ced1f51) Importer(2089858483,0ecaa5967403d082aa24f35e1b516d23) [PhysX] Initialized MultithreadedTaskDispatcher with 12 workers.
 -> (artifact id: '084c350c8c5b13ef0b68e63974aac76b') in 0.026591 seconds
Number of updated asset objects reloaded before import = 0
Number of asset objects unloaded after import = 1
========================================================================
Received Import Request.
  Time since last request: 0.000031 seconds.
  path: Assets/Photon/PhotonUnityNetworking/Code/Editor/CopyIconPro.png
  artifactKey: Guid(81b8e0c5ffa3345b7aa3af3a2c0257ce) Importer(2089858483,0ecaa5967403d082aa24f35e1b516d23)
Start importing Assets/Photon/PhotonUnityNetworking/Code/Editor/CopyIconPro.png using Guid(81b8e0c5ffa3345b7aa3af3a2c0257ce) Importer(2089858483,0ecaa5967403d082aa24f35e1b516d23) [PhysX] Initialized MultithreadedTaskDispatcher with 12 workers.
 -> (artifact id: '467f5a41f20a6777a92fbcc0643fb3c8') in 0.035894 seconds
Number of updated asset objects reloaded before import = 0
Number of asset objects unloaded after import = 1
========================================================================
Received Import Request.
  Time since last request: 0.000024 seconds.
  path: Assets/Photon/PhotonUnityNetworking/Demos/PunCockpit/Forms/SetRoomCustomPropertyUIForm.cs
  artifactKey: Guid(e264dd19757734dc8b3c48af67178478) Importer(2089858483,0ecaa5967403d082aa24f35e1b516d23)
Start importing Assets/Photon/PhotonUnityNetworking/Demos/PunCockpit/Forms/SetRoomCustomPropertyUIForm.cs using Guid(e264dd19757734dc8b3c48af67178478) Importer(2089858483,0ecaa5967403d082aa24f35e1b516d23) [PhysX] Initialized MultithreadedTaskDispatcher with 12 workers.
 -> (artifact id: '5854ff9ae22d985f2eda24ef715a55fa') in 0.020746 seconds
Number of updated asset objects reloaded before import = 0
Number of asset objects unloaded after import = 1
========================================================================
Received Import Request.
  Time since last request: 0.000027 seconds.
  path: Assets/PlayFabSDK/Shared/Public/PlayFabDataGatherer.cs
  artifactKey: Guid(9021fc3e0230b9a4db0f0e1b104b764b) Importer(2089858483,0ecaa5967403d082aa24f35e1b516d23)
Start importing Assets/PlayFabSDK/Shared/Public/PlayFabDataGatherer.cs using Guid(9021fc3e0230b9a4db0f0e1b104b764b) Importer(2089858483,0ecaa5967403d082aa24f35e1b516d23) [PhysX] Initialized MultithreadedTaskDispatcher with 12 workers.
 -> (artifact id: '4d3c67b001ab6b74eb9d95b8d46f6293') in 0.019319 seconds
Number of updated asset objects reloaded before import = 0
Number of asset objects unloaded after import = 1
========================================================================
Received Import Request.
  Time since last request: 0.000028 seconds.
  path: Assets/Photon/PhotonUnityNetworking/Demos/DemoSlotRacer/SlotCar-Scene/ReflectionProbe-0.exr
  artifactKey: Guid(ca2a72e1727404226a9166460e788ac7) Importer(2089858483,0ecaa5967403d082aa24f35e1b516d23)
Start importing Assets/Photon/PhotonUnityNetworking/Demos/DemoSlotRacer/SlotCar-Scene/ReflectionProbe-0.exr using Guid(ca2a72e1727404226a9166460e788ac7) Importer(2089858483,0ecaa5967403d082aa24f35e1b516d23) [PhysX] Initialized MultithreadedTaskDispatcher with 12 workers.
 -> (artifact id: 'f761a0b184a21f31c4fa62b8d6660434') in 0.037765 seconds
Number of updated asset objects reloaded before import = 0
Number of asset objects unloaded after import = 1
========================================================================
Received Import Request.
  Time since last request: 0.000018 seconds.
  path: Assets/Photon/PhotonUnityNetworking/Demos/PunCockpit/Scripts/ReadOnlyProperties/IsConnectedAndReadyProperty.cs
  artifactKey: Guid(17aa2c6db1ece46789212ad7c5e21509) Importer(2089858483,0ecaa5967403d082aa24f35e1b516d23)
Start importing Assets/Photon/PhotonUnityNetworking/Demos/PunCockpit/Scripts/ReadOnlyProperties/IsConnectedAndReadyProperty.cs using Guid(17aa2c6db1ece46789212ad7c5e21509) Importer(2089858483,0ecaa5967403d082aa24f35e1b516d23) [PhysX] Initialized MultithreadedTaskDispatcher with 12 workers.
 -> (artifact id: 'd0a047167496c510162f9dbe78afeafc') in 0.018215 seconds
Number of updated asset objects reloaded before import = 0
Number of asset objects unloaded after import = 1
========================================================================
Received Import Request.
  Time since last request: 0.000024 seconds.
  path: Assets/Photon/PhotonUnityNetworking/Demos/DemoSlotRacer/Kenney Assets/Racing Kit/Models/Materials/road.mat
  artifactKey: Guid(4b56a40ac6992974b8aac0882a4c7555) Importer(2089858483,0ecaa5967403d082aa24f35e1b516d23)
Start importing Assets/Photon/PhotonUnityNetworking/Demos/DemoSlotRacer/Kenney Assets/Racing Kit/Models/Materials/road.mat using Guid(4b56a40ac6992974b8aac0882a4c7555) Importer(2089858483,0ecaa5967403d082aa24f35e1b516d23) [PhysX] Initialized MultithreadedTaskDispatcher with 12 workers.
 -> (artifact id: '5dc42132db847e257e940c651da1b53d') in 0.030733 seconds
Number of updated asset objects reloaded before import = 0
Number of asset objects unloaded after import = 1
========================================================================
Received Import Request.
  Time since last request: 0.000026 seconds.
  path: Assets/Photon/PhotonUnityNetworking/Demos/PunCockpit/Scripts/ReadOnlyProperties/OfflineModeProperty.cs
  artifactKey: Guid(edcf52eea40f24f198dce8342b53bcc4) Importer(2089858483,0ecaa5967403d082aa24f35e1b516d23)
Start importing Assets/Photon/PhotonUnityNetworking/Demos/PunCockpit/Scripts/ReadOnlyProperties/OfflineModeProperty.cs using Guid(edcf52eea40f24f198dce8342b53bcc4) Importer(2089858483,0ecaa5967403d082aa24f35e1b516d23) [PhysX] Initialized MultithreadedTaskDispatcher with 12 workers.
 -> (artifact id: '0768b0959493d0f4df45219d3c080dfb') in 0.018781 seconds
Number of updated asset objects reloaded before import = 0
Number of asset objects unloaded after import = 1
========================================================================
Received Import Request.
  Time since last request: 0.000031 seconds.
  path: Assets/Photon/PhotonUnityNetworking/Demos/PunCockpit/Scripts/Autonomous UI/CurrentRoom/CurrentRoomIsOpenToggle.cs
  artifactKey: Guid(fa1f9506beac441fa984720f2b92a92a) Importer(2089858483,0ecaa5967403d082aa24f35e1b516d23)
Start importing Assets/Photon/PhotonUnityNetworking/Demos/PunCockpit/Scripts/Autonomous UI/CurrentRoom/CurrentRoomIsOpenToggle.cs using Guid(fa1f9506beac441fa984720f2b92a92a) Importer(2089858483,0ecaa5967403d082aa24f35e1b516d23) [PhysX] Initialized MultithreadedTaskDispatcher with 12 workers.
 -> (artifact id: '4f27ae775c7062d3561f89c975112912') in 0.018722 seconds
Number of updated asset objects reloaded before import = 0
Number of asset objects unloaded after import = 1
========================================================================
Received Import Request.
  Time since last request: 0.000046 seconds.
  path: Assets/Photon/PhotonUnityNetworking/Demos/DemoSlotRacer/Kenney Assets/Stylized city/Materials/windows_2.mat
  artifactKey: Guid(db1318ffb13bfef419a8dad09473425d) Importer(2089858483,0ecaa5967403d082aa24f35e1b516d23)
Start importing Assets/Photon/PhotonUnityNetworking/Demos/DemoSlotRacer/Kenney Assets/Stylized city/Materials/windows_2.mat using Guid(db1318ffb13bfef419a8dad09473425d) Importer(2089858483,0ecaa5967403d082aa24f35e1b516d23) [PhysX] Initialized MultithreadedTaskDispatcher with 12 workers.
 -> (artifact id: 'e95cc522b793a2ce44a907a5d32fce22') in 0.026824 seconds
Number of updated asset objects reloaded before import = 0
Number of asset objects unloaded after import = 1
========================================================================
Received Import Request.
  Time since last request: 0.000026 seconds.
  path: Assets/Photon/PhotonUnityNetworking/Demos/DemoSlotRacer/Kenney Assets/Racing Kit/Models/roadStraightBridgeStart.fbx
  artifactKey: Guid(f3190f178f6804a438514c250f12db6a) Importer(2089858483,0ecaa5967403d082aa24f35e1b516d23)
Start importing Assets/Photon/PhotonUnityNetworking/Demos/DemoSlotRacer/Kenney Assets/Racing Kit/Models/roadStraightBridgeStart.fbx using Guid(f3190f178f6804a438514c250f12db6a) Importer(2089858483,0ecaa5967403d082aa24f35e1b516d23) [PhysX] Initialized MultithreadedTaskDispatcher with 12 workers.
 -> (artifact id: '56ce60703a6b073359527e9f046374c3') in 0.058805 seconds
Number of updated asset objects reloaded before import = 0
Number of asset objects unloaded after import = 7
========================================================================
Received Import Request.
  Time since last request: 0.000026 seconds.
  path: Assets/Photon/PhotonUnityNetworking/Demos/Shared Assets/Animations/Materials/TongueMaterial.mat
  artifactKey: Guid(28498b9ebcb776a46b3c9479a664bfc7) Importer(2089858483,0ecaa5967403d082aa24f35e1b516d23)
Start importing Assets/Photon/PhotonUnityNetworking/Demos/Shared Assets/Animations/Materials/TongueMaterial.mat using Guid(28498b9ebcb776a46b3c9479a664bfc7) Importer(2089858483,0ecaa5967403d082aa24f35e1b516d23) [PhysX] Initialized MultithreadedTaskDispatcher with 12 workers.
 -> (artifact id: 'e2177928d811c5098f922976cfa974a9') in 0.031414 seconds
Number of updated asset objects reloaded before import = 0
Number of asset objects unloaded after import = 1
========================================================================
Received Import Request.
  Time since last request: 0.000036 seconds.
  path: Assets/Photon/PhotonUnityNetworking/Demos/DemoSlotRacer/Kenney Assets/Racing Kit/Models/rail.fbx
  artifactKey: Guid(c0c42e3ceebd42943ade3b7414c47afd) Importer(2089858483,0ecaa5967403d082aa24f35e1b516d23)
Start importing Assets/Photon/PhotonUnityNetworking/Demos/DemoSlotRacer/Kenney Assets/Racing Kit/Models/rail.fbx using Guid(c0c42e3ceebd42943ade3b7414c47afd) Importer(2089858483,0ecaa5967403d082aa24f35e1b516d23) [PhysX] Initialized MultithreadedTaskDispatcher with 12 workers.
 -> (artifact id: '2b9e795a2fb01e84fba7bed58c3674ba') in 0.044824 seconds
Number of updated asset objects reloaded before import = 0
Number of asset objects unloaded after import = 7
========================================================================
Received Import Request.
  Time since last request: 0.000037 seconds.
  path: Assets/Photon/PhotonUnityNetworking/Demos/DemoSlotRacer/Kenney Assets/Racing Kit/Models/roadStart.fbx
  artifactKey: Guid(4a85baa15824c004e9265ae93708faf9) Importer(2089858483,0ecaa5967403d082aa24f35e1b516d23)
Start importing Assets/Photon/PhotonUnityNetworking/Demos/DemoSlotRacer/Kenney Assets/Racing Kit/Models/roadStart.fbx using Guid(4a85baa15824c004e9265ae93708faf9) Importer(2089858483,0ecaa5967403d082aa24f35e1b516d23) [PhysX] Initialized MultithreadedTaskDispatcher with 12 workers.
 -> (artifact id: '9c5d5d4ff2259ff466a140bf82a16020') in 0.050750 seconds
Number of updated asset objects reloaded before import = 0
Number of asset objects unloaded after import = 7
========================================================================
Received Import Request.
  Time since last request: 0.000034 seconds.
  path: Assets/Photon/PhotonUnityNetworking/Demos/DemoSlotRacer/Scripts/BezierCurve/Editor/BezierSplineInspector.cs
  artifactKey: Guid(127eddf8173c549d9976751e82f3face) Importer(2089858483,0ecaa5967403d082aa24f35e1b516d23)
Start importing Assets/Photon/PhotonUnityNetworking/Demos/DemoSlotRacer/Scripts/BezierCurve/Editor/BezierSplineInspector.cs using Guid(127eddf8173c549d9976751e82f3face) Importer(2089858483,0ecaa5967403d082aa24f35e1b516d23) [PhysX] Initialized MultithreadedTaskDispatcher with 12 workers.
 -> (artifact id: '03c8bcfbd5645c42caa832576153174c') in 0.028247 seconds
Number of updated asset objects reloaded before import = 0
Number of asset objects unloaded after import = 1
========================================================================
Received Import Request.
  Time since last request: 0.000049 seconds.
  path: Assets/Photon/PhotonUnityNetworking/Demos/DemoSlotRacer/Scripts/BezierCurve/Editor/BezierCurveInspector.cs
  artifactKey: Guid(28cd1cdefdaf24d6cb98f0cb87845b3a) Importer(2089858483,0ecaa5967403d082aa24f35e1b516d23)
Start importing Assets/Photon/PhotonUnityNetworking/Demos/DemoSlotRacer/Scripts/BezierCurve/Editor/BezierCurveInspector.cs using Guid(28cd1cdefdaf24d6cb98f0cb87845b3a) Importer(2089858483,0ecaa5967403d082aa24f35e1b516d23) [PhysX] Initialized MultithreadedTaskDispatcher with 12 workers.
 -> (artifact id: '2c2529f4cfeb8ac71680732b2f2b0559') in 0.027888 seconds
Number of updated asset objects reloaded before import = 0
Number of asset objects unloaded after import = 1
========================================================================
Received Import Request.
  Time since last request: 0.000040 seconds.
  path: Assets/Photon/PhotonUnityNetworking/Demos/DemoSlotRacer/Kenney Assets/Stylized city/Models/car_4.FBX
  artifactKey: Guid(f3cb3c8f5cd4b514ebf9fbfda32cb36d) Importer(2089858483,0ecaa5967403d082aa24f35e1b516d23)
Start importing Assets/Photon/PhotonUnityNetworking/Demos/DemoSlotRacer/Kenney Assets/Stylized city/Models/car_4.FBX using Guid(f3cb3c8f5cd4b514ebf9fbfda32cb36d) Importer(2089858483,0ecaa5967403d082aa24f35e1b516d23) [PhysX] Initialized MultithreadedTaskDispatcher with 12 workers.
 -> (artifact id: '8672f94fa13c397f89ede31ea7810e43') in 0.054189 seconds
Number of updated asset objects reloaded before import = 0
Number of asset objects unloaded after import = 76
========================================================================
Received Import Request.
  Time since last request: 0.000034 seconds.
  path: Assets/Photon/PhotonUnityNetworking/Demos/DemoSlotRacer/Kenney Assets/Stylized city/Materials/13 - Default.mat
  artifactKey: Guid(b957742c5b9bfd441b9b330c8b55d0c5) Importer(2089858483,0ecaa5967403d082aa24f35e1b516d23)
Start importing Assets/Photon/PhotonUnityNetworking/Demos/DemoSlotRacer/Kenney Assets/Stylized city/Materials/13 - Default.mat using Guid(b957742c5b9bfd441b9b330c8b55d0c5) Importer(2089858483,0ecaa5967403d082aa24f35e1b516d23) [PhysX] Initialized MultithreadedTaskDispatcher with 12 workers.
 -> (artifact id: '891f6e9d7cc39248be3ace517fccc4ee') in 0.038579 seconds
Number of updated asset objects reloaded before import = 0
Number of asset objects unloaded after import = 1
========================================================================
Received Import Request.
  Time since last request: 0.000024 seconds.
  path: Assets/Photon/PhotonUnityNetworking/Demos/DemoSlotRacer/Kenney Assets/Racing Kit/Models/Materials/bark.mat
  artifactKey: Guid(5b3826dd21e1d2b4a947c774023d1db3) Importer(2089858483,0ecaa5967403d082aa24f35e1b516d23)
Start importing Assets/Photon/PhotonUnityNetworking/Demos/DemoSlotRacer/Kenney Assets/Racing Kit/Models/Materials/bark.mat using Guid(5b3826dd21e1d2b4a947c774023d1db3) Importer(2089858483,0ecaa5967403d082aa24f35e1b516d23) [PhysX] Initialized MultithreadedTaskDispatcher with 12 workers.
 -> (artifact id: 'd43a8f887bd98cf09a73cd88ca76509d') in 0.032691 seconds
Number of updated asset objects reloaded before import = 0
Number of asset objects unloaded after import = 1
========================================================================
Received Import Request.
  Time since last request: 0.000025 seconds.
  path: Assets/Photon/PhotonUnityNetworking/Demos/DemoSlotRacer/Kenney Assets/Racing Kit/Models/Materials/white.mat
  artifactKey: Guid(db16216c3f288ea4eb77dfefecada55a) Importer(2089858483,0ecaa5967403d082aa24f35e1b516d23)
Start importing Assets/Photon/PhotonUnityNetworking/Demos/DemoSlotRacer/Kenney Assets/Racing Kit/Models/Materials/white.mat using Guid(db16216c3f288ea4eb77dfefecada55a) Importer(2089858483,0ecaa5967403d082aa24f35e1b516d23) [PhysX] Initialized MultithreadedTaskDispatcher with 12 workers.
 -> (artifact id: 'b1ad6033ee24f2c21972b462aa2e4da7') in 0.033696 seconds
Number of updated asset objects reloaded before import = 0
Number of asset objects unloaded after import = 1
========================================================================
Received Import Request.
  Time since last request: 0.000033 seconds.
  path: Assets/Photon/PhotonUnityNetworking/Demos/PunCockpit/Scripts/ReadOnlyProperties/ServerAddressProperty.cs
  artifactKey: Guid(f467ca90418914fcd959dcc9ebb1edca) Importer(2089858483,0ecaa5967403d082aa24f35e1b516d23)
Start importing Assets/Photon/PhotonUnityNetworking/Demos/PunCockpit/Scripts/ReadOnlyProperties/ServerAddressProperty.cs using Guid(f467ca90418914fcd959dcc9ebb1edca) Importer(2089858483,0ecaa5967403d082aa24f35e1b516d23) [PhysX] Initialized MultithreadedTaskDispatcher with 12 workers.
 -> (artifact id: '868ed15c90018185afe681245bddce56') in 0.020532 seconds
Number of updated asset objects reloaded before import = 0
Number of asset objects unloaded after import = 1
========================================================================
Received Import Request.
  Time since last request: 0.000033 seconds.
  path: Assets/Photon/PhotonUnityNetworking/Demos/DemoSlotRacer/Kenney Assets/Stylized city/Materials/No Name.mat
  artifactKey: Guid(a773bd7a075f9534e9c9ed1eb6e9a30f) Importer(2089858483,0ecaa5967403d082aa24f35e1b516d23)
Start importing Assets/Photon/PhotonUnityNetworking/Demos/DemoSlotRacer/Kenney Assets/Stylized city/Materials/No Name.mat using Guid(a773bd7a075f9534e9c9ed1eb6e9a30f) Importer(2089858483,0ecaa5967403d082aa24f35e1b516d23) [PhysX] Initialized MultithreadedTaskDispatcher with 12 workers.
 -> (artifact id: '790b0ae43186cc13b76ca71a2c2c5fe8') in 0.033069 seconds
Number of updated asset objects reloaded before import = 0
Number of asset objects unloaded after import = 1
========================================================================
Received Import Request.
  Time since last request: 0.000040 seconds.
  path: Assets/Photon/PhotonUnityNetworking/Demos/Shared Assets/Animations/Materials/SkinMaterial.mat
  artifactKey: Guid(37d0d4d178b5dbf449ff0814718dc354) Importer(2089858483,0ecaa5967403d082aa24f35e1b516d23)
Start importing Assets/Photon/PhotonUnityNetworking/Demos/Shared Assets/Animations/Materials/SkinMaterial.mat using Guid(37d0d4d178b5dbf449ff0814718dc354) Importer(2089858483,0ecaa5967403d082aa24f35e1b516d23) [PhysX] Initialized MultithreadedTaskDispatcher with 12 workers.
 -> (artifact id: '8cc532b214008c665c29382e8ca1b7a8') in 0.030828 seconds
Number of updated asset objects reloaded before import = 0
Number of asset objects unloaded after import = 1
========================================================================
Received Import Request.
  Time since last request: 0.000027 seconds.
  path: Assets/Photon/PhotonUnityNetworking/Demos/PunCockpit/Scripts/Autonomous UI/Generic/BoolInputField.cs
  artifactKey: Guid(0d7694afd58e94f988b7b524da7b97b9) Importer(2089858483,0ecaa5967403d082aa24f35e1b516d23)
Start importing Assets/Photon/PhotonUnityNetworking/Demos/PunCockpit/Scripts/Autonomous UI/Generic/BoolInputField.cs using Guid(0d7694afd58e94f988b7b524da7b97b9) Importer(2089858483,0ecaa5967403d082aa24f35e1b516d23) [PhysX] Initialized MultithreadedTaskDispatcher with 12 workers.
 -> (artifact id: 'b199b7a2510da2a660392be993a1146d') in 0.018324 seconds
Number of updated asset objects reloaded before import = 0
Number of asset objects unloaded after import = 1
========================================================================
Received Import Request.
  Time since last request: 0.000034 seconds.
  path: Assets/Photon/PhotonUnityNetworking/Demos/DemoSlotRacer/Kenney Assets/Racing Kit/Models/roadCornerSmall.fbx
  artifactKey: Guid(d873a0d61ff3aa941be0eb85cb9271ef) Importer(2089858483,0ecaa5967403d082aa24f35e1b516d23)
Start importing Assets/Photon/PhotonUnityNetworking/Demos/DemoSlotRacer/Kenney Assets/Racing Kit/Models/roadCornerSmall.fbx using Guid(d873a0d61ff3aa941be0eb85cb9271ef) Importer(2089858483,0ecaa5967403d082aa24f35e1b516d23) [PhysX] Initialized MultithreadedTaskDispatcher with 12 workers.
 -> (artifact id: '553d8e65a273836f2d45c98c5bc26d71') in 0.044845 seconds
Number of updated asset objects reloaded before import = 0
Number of asset objects unloaded after import = 7
========================================================================
Received Import Request.
  Time since last request: 0.000031 seconds.
  path: Assets/Photon/PhotonUnityNetworking/Demos/DemoSlotRacer/Kenney Assets/Racing Kit/Models/Materials/grass.mat
  artifactKey: Guid(ba3bddb608259184783916ac7915d5a2) Importer(2089858483,0ecaa5967403d082aa24f35e1b516d23)
Start importing Assets/Photon/PhotonUnityNetworking/Demos/DemoSlotRacer/Kenney Assets/Racing Kit/Models/Materials/grass.mat using Guid(ba3bddb608259184783916ac7915d5a2) Importer(2089858483,0ecaa5967403d082aa24f35e1b516d23) [PhysX] Initialized MultithreadedTaskDispatcher with 12 workers.
 -> (artifact id: '6b7d70442592369e57ea0f513a050dc7') in 0.035796 seconds
Number of updated asset objects reloaded before import = 0
Number of asset objects unloaded after import = 1
========================================================================
Received Import Request.
  Time since last request: 0.000036 seconds.
  path: Assets/Photon/PhotonUnityNetworking/Demos/Shared Assets/Animations/Materials/TeethMaterial.mat
  artifactKey: Guid(17dd34e8a826d0641a0e0f43da1e03a0) Importer(2089858483,0ecaa5967403d082aa24f35e1b516d23)
Start importing Assets/Photon/PhotonUnityNetworking/Demos/Shared Assets/Animations/Materials/TeethMaterial.mat using Guid(17dd34e8a826d0641a0e0f43da1e03a0) Importer(2089858483,0ecaa5967403d082aa24f35e1b516d23) [PhysX] Initialized MultithreadedTaskDispatcher with 12 workers.
 -> (artifact id: '3e040dc856c66c77ea61fe51d84e524a') in 0.038579 seconds
Number of updated asset objects reloaded before import = 0
Number of asset objects unloaded after import = 1
========================================================================
Received Import Request.
  Time since last request: 0.000034 seconds.
  path: Assets/Photon/PhotonUnityNetworking/Demos/PunCockpit/Scripts/ReadOnlyProperties/CurrentRoomNameProperty.cs
  artifactKey: Guid(5ca44b3b830b44829ba0990f748904ae) Importer(2089858483,0ecaa5967403d082aa24f35e1b516d23)
Start importing Assets/Photon/PhotonUnityNetworking/Demos/PunCockpit/Scripts/ReadOnlyProperties/CurrentRoomNameProperty.cs using Guid(5ca44b3b830b44829ba0990f748904ae) Importer(2089858483,0ecaa5967403d082aa24f35e1b516d23) [PhysX] Initialized MultithreadedTaskDispatcher with 12 workers.
 -> (artifact id: '35c60db3ccd3c9062f9e29bf109b2fee') in 0.068813 seconds
Number of updated asset objects reloaded before import = 0
Number of asset objects unloaded after import = 1
========================================================================
Received Import Request.
  Time since last request: 0.000040 seconds.
  path: Assets/Photon/PhotonUnityNetworking/Demos/PunCockpit/Scripts/Autonomous UI/Generic/StringInputField.cs
  artifactKey: Guid(e02d5b184c20e43ebba343cc89e35962) Importer(2089858483,0ecaa5967403d082aa24f35e1b516d23)
Start importing Assets/Photon/PhotonUnityNetworking/Demos/PunCockpit/Scripts/Autonomous UI/Generic/StringInputField.cs using Guid(e02d5b184c20e43ebba343cc89e35962) Importer(2089858483,0ecaa5967403d082aa24f35e1b516d23) [PhysX] Initialized MultithreadedTaskDispatcher with 12 workers.
 -> (artifact id: 'a6d98b9e5daa60e2ad208d8b3656900c') in 0.032411 seconds
Number of updated asset objects reloaded before import = 0
Number of asset objects unloaded after import = 1
========================================================================
Received Import Request.
  Time since last request: 0.000065 seconds.
  path: Assets/Photon/PhotonUnityNetworking/Demos/DemoSlotRacer/Kenney Assets/Racing Kit/Models/roadRampLongCurvedWall.fbx
  artifactKey: Guid(002276cc119770f4c8b9797abd47f7e5) Importer(2089858483,0ecaa5967403d082aa24f35e1b516d23)
Start importing Assets/Photon/PhotonUnityNetworking/Demos/DemoSlotRacer/Kenney Assets/Racing Kit/Models/roadRampLongCurvedWall.fbx using Guid(002276cc119770f4c8b9797abd47f7e5) Importer(2089858483,0ecaa5967403d082aa24f35e1b516d23) [PhysX] Initialized MultithreadedTaskDispatcher with 12 workers.
 -> (artifact id: 'c7ab36fb49d93449e71e72c934e4c588') in 0.054127 seconds
Number of updated asset objects reloaded before import = 0
Number of asset objects unloaded after import = 7
========================================================================
Received Import Request.
  Time since last request: 0.000028 seconds.
  path: Assets/Photon/PhotonUnityNetworking/Demos/DemoSlotRacer/Kenney Assets/Racing Kit/Models/Materials/tankco.mat
  artifactKey: Guid(cceec12884c418c4bb19cef32dc2abc1) Importer(2089858483,0ecaa5967403d082aa24f35e1b516d23)
Start importing Assets/Photon/PhotonUnityNetworking/Demos/DemoSlotRacer/Kenney Assets/Racing Kit/Models/Materials/tankco.mat using Guid(cceec12884c418c4bb19cef32dc2abc1) Importer(2089858483,0ecaa5967403d082aa24f35e1b516d23) [PhysX] Initialized MultithreadedTaskDispatcher with 12 workers.
 -> (artifact id: 'cbfb58c36bdadb630a5f3f96a4a067fa') in 0.046243 seconds
Number of updated asset objects reloaded before import = 0
Number of asset objects unloaded after import = 2
========================================================================
Received Import Request.
  Time since last request: 0.000033 seconds.
  path: Assets/Photon/PhotonUnityNetworking/Demos/PunCockpit/Prefabs/Help Button.prefab
  artifactKey: Guid(cf998ac0cf60141c597aecb3a8ffad74) Importer(2089858483,0ecaa5967403d082aa24f35e1b516d23)
Start importing Assets/Photon/PhotonUnityNetworking/Demos/PunCockpit/Prefabs/Help Button.prefab using Guid(cf998ac0cf60141c597aecb3a8ffad74) Importer(2089858483,0ecaa5967403d082aa24f35e1b516d23) [PhysX] Initialized MultithreadedTaskDispatcher with 12 workers.
 -> (artifact id: 'ecca9be1a37d6990cce58a4df9f330c8') in 0.055041 seconds
Number of updated asset objects reloaded before import = 0
Number of asset objects unloaded after import = 16
========================================================================
Received Import Request.
  Time since last request: 0.000055 seconds.
  path: Assets/Photon/PhotonRealtime/Code/Unity/PhotonAppSettings.cs
  artifactKey: Guid(a389b614f52fbf347a1533dbbf245033) Importer(2089858483,0ecaa5967403d082aa24f35e1b516d23)
Start importing Assets/Photon/PhotonRealtime/Code/Unity/PhotonAppSettings.cs using Guid(a389b614f52fbf347a1533dbbf245033) Importer(2089858483,0ecaa5967403d082aa24f35e1b516d23) [PhysX] Initialized MultithreadedTaskDispatcher with 12 workers.
 -> (artifact id: '1cb09e7adfd9bcbbb6b6c7911cd05c09') in 0.020614 seconds
Number of updated asset objects reloaded before import = 0
Number of asset objects unloaded after import = 1
========================================================================
Received Import Request.
  Time since last request: 0.000041 seconds.
  path: Assets/TextMesh Pro/Examples & Extras/Scenes/16 - Linked text overflow mode example.unity
  artifactKey: Guid(9442cda25baa4a0bb544c4d095b00caa) Importer(2089858483,0ecaa5967403d082aa24f35e1b516d23)
Start importing Assets/TextMesh Pro/Examples & Extras/Scenes/16 - Linked text overflow mode example.unity using Guid(9442cda25baa4a0bb544c4d095b00caa) Importer(2089858483,0ecaa5967403d082aa24f35e1b516d23) [PhysX] Initialized MultithreadedTaskDispatcher with 12 workers.
 -> (artifact id: 'a8b8a90f88b49ed1244658b9dfa4be34') in 0.020691 seconds
Number of updated asset objects reloaded before import = 0
Number of asset objects unloaded after import = 1
========================================================================
Received Import Request.
  Time since last request: 0.000031 seconds.
  path: Assets/Photon/PhotonRealtime/Code/PhotonPing.cs
  artifactKey: Guid(5a2f6055139b44142954461627d344bc) Importer(2089858483,0ecaa5967403d082aa24f35e1b516d23)
Start importing Assets/Photon/PhotonRealtime/Code/PhotonPing.cs using Guid(5a2f6055139b44142954461627d344bc) Importer(2089858483,0ecaa5967403d082aa24f35e1b516d23) [PhysX] Initialized MultithreadedTaskDispatcher with 12 workers.
 -> (artifact id: '0a7384ea7a8a4212349cfa288fcf0a7a') in 0.021076 seconds
Number of updated asset objects reloaded before import = 0
Number of asset objects unloaded after import = 1
========================================================================
Received Import Request.
  Time since last request: 0.000037 seconds.
  path: Assets/TextMesh Pro/Examples & Extras/Scenes/26 - Dropdown Placeholder Example.unity
  artifactKey: Guid(0851605490a599b46b6ac5cb681d93ea) Importer(2089858483,0ecaa5967403d082aa24f35e1b516d23)
Start importing Assets/TextMesh Pro/Examples & Extras/Scenes/26 - Dropdown Placeholder Example.unity using Guid(0851605490a599b46b6ac5cb681d93ea) Importer(2089858483,0ecaa5967403d082aa24f35e1b516d23) [PhysX] Initialized MultithreadedTaskDispatcher with 12 workers.
 -> (artifact id: 'f702ea5125670d12e9af9baeaf1a4eef') in 0.019759 seconds
Number of updated asset objects reloaded before import = 0
Number of asset objects unloaded after import = 1
========================================================================
Received Import Request.
  Time since last request: 0.000046 seconds.
  path: Assets/TextMesh Pro/Examples & Extras/Scenes/04 - Word Wrapping.unity
  artifactKey: Guid(8f7137eacd7042d5b17ef0efe5e744f5) Importer(2089858483,0ecaa5967403d082aa24f35e1b516d23)
Start importing Assets/TextMesh Pro/Examples & Extras/Scenes/04 - Word Wrapping.unity using Guid(8f7137eacd7042d5b17ef0efe5e744f5) Importer(2089858483,0ecaa5967403d082aa24f35e1b516d23) [PhysX] Initialized MultithreadedTaskDispatcher with 12 workers.
 -> (artifact id: 'f8b4219ad63dea1d30a97f26ddb3182a') in 0.020558 seconds
Number of updated asset objects reloaded before import = 0
Number of asset objects unloaded after import = 1
========================================================================
Received Import Request.
  Time since last request: 0.000035 seconds.
  path: Assets/TextMesh Pro/Examples & Extras/Fonts/Oswald-Bold - OFL.txt
  artifactKey: Guid(d2cf87a8a7a94aa8b80dff1c807c1178) Importer(2089858483,0ecaa5967403d082aa24f35e1b516d23)
Start importing Assets/TextMesh Pro/Examples & Extras/Fonts/Oswald-Bold - OFL.txt using Guid(d2cf87a8a7a94aa8b80dff1c807c1178) Importer(2089858483,0ecaa5967403d082aa24f35e1b516d23) [PhysX] Initialized MultithreadedTaskDispatcher with 12 workers.
 -> (artifact id: '543daa3a5260b23b831026adf55899d4') in 0.024616 seconds
Number of updated asset objects reloaded before import = 0
Number of asset objects unloaded after import = 1
========================================================================
Received Import Request.
  Time since last request: 0.000022 seconds.
  path: Assets/TextMesh Pro/Examples & Extras/Scenes/14 - Multi Font & Sprites.unity
  artifactKey: Guid(22a2fba786ad4c40ac0ba09f0b933100) Importer(2089858483,0ecaa5967403d082aa24f35e1b516d23)
Start importing Assets/TextMesh Pro/Examples & Extras/Scenes/14 - Multi Font & Sprites.unity using Guid(22a2fba786ad4c40ac0ba09f0b933100) Importer(2089858483,0ecaa5967403d082aa24f35e1b516d23) [PhysX] Initialized MultithreadedTaskDispatcher with 12 workers.
 -> (artifact id: 'a9471954f3c678ea4737c9d5715ef615') in 0.014462 seconds
Number of updated asset objects reloaded before import = 0
Number of asset objects unloaded after import = 1
========================================================================
Received Import Request.
  Time since last request: 0.000023 seconds.
  path: Assets/TextMesh Pro/Shaders/TMP_SDF-Surface-Mobile.shader
  artifactKey: Guid(85187c2149c549c5b33f0cdb02836b17) Importer(2089858483,0ecaa5967403d082aa24f35e1b516d23)
Start importing Assets/TextMesh Pro/Shaders/TMP_SDF-Surface-Mobile.shader using Guid(85187c2149c549c5b33f0cdb02836b17) Importer(2089858483,0ecaa5967403d082aa24f35e1b516d23) [PhysX] Initialized MultithreadedTaskDispatcher with 12 workers.
 -> (artifact id: 'd3cc748c4370051439e719337269f8d1') in 0.015167 seconds
Number of updated asset objects reloaded before import = 0
Number of asset objects unloaded after import = 1
Editor requested this worker to shutdown with reason: Scaling down because of idle timeout
TcpMessagingSession - receive error
AssetImportWorkerClient::OnTransportError - code=2 error=End of file
AssetImportWorker is now disconnected from the server
Process exiting
Exiting without the bug reporter. Application will terminate with return code 0